person_id,name,name_pinyin,dynasty,birth_year,death_year,index_year,aliases,statuses,place,x_coord,y_coord,n_poems,layers,corpus_names,in_mqww,cbdb_notes,supplement
39816,朱淑真,Zhu Shuzhen,宋,1095,1131,1095,幽棲居士(号),詞人,錢塘,120.168625,30.294125,373,A/B,朱淑真,1,,
521382,顧太清,Gu Taiqing,清,,,1802,,,,,,364,B,顾太清,0,,
54620,吳藻,Wu Zao,清,1799,1862,1799,玉岑子(号) / 蘋香(字),詩人,黟縣,117.93021393,29.933116913,295,B,吴藻,1,,
56573,柳是,Liu Shi,清,1618,1664,1618,半野草堂(号) / 如是(字) / 影憐(字) / 惜依(号) / 惠香居(号) / 惠香閣(号) / 我聞室(号) / 我聞居士(号) / 柳影憐(别名) / 柳隱(别名) / 柳隱雯(别名) / 楊因 / 楊愛(别名) / 楊愛兒 / 楊朝 / 楊隱 / 楊隱柳(别名) / 河東君(号) / 河東夫人(号) / 秋水閣(号) / 糜蕪(号) / 紅豆村莊(号) / 絳雲樓(号) / 美人 / 蕪靡君(号) / 蘼蕪(号) / 隱斐 / 青寄(号) / 鴛鴦樓(号),,吳江,120.637787,31.167065,228,B,柳是,1,"《清代人物生卒年表》定其生卒年為萬曆46年~康熙3年。 【參考《清代人物生卒年表》#16809.】 ""【參考資料: MQWW PoetID #998, HuWenKai #430.】"" ",
56124,沈宜修,Shen Yixiu,明,1590,1635,1590,宛君(字),,,,,196,B,沈宜修,1,,
55442,熊璉,Xiong Lian,清,1766,1820,1766,商珍(字) / 澹僊(号) / 陳生(小字),,,,,177,B,熊琏,1,,
55033,趙我佩,Zhao Wopei,清,1821,1861,1821,君蘭(字),,,,,172,B,赵我佩,1,,
55022,顧貞立,Gu Zhenli,清,1623,1699,1623,碧汾(字) / 避秦人(号) / 顧文婉(别名),,無錫,120.29766846,31.574613571,166,B,顾文婉/顾贞立,1,《清代人物生卒年表》定其生卒年為天啟3年~康熙38年。 【參考《清代人物生卒年表》#18508.】 ,
54329,袁綬,Yuan Shou,清,1795,1867,1795,瑤華主人 / 紫卿(字),,江寧,118.76898956,32.052562714,149,B,袁绶,1,《清代人物生卒年表》定其生卒年為乾隆60年~？。 【參考《清代人物生卒年表》#17970.】 ,
106978,張玉娘,Zhang Yuniang,元,,,,一貞居士(号) / 若瓊(字),,松陽,119.485344,28.450748,139,A/B,张玉娘/張玉孃,0,,
566553,張喬,Zhang Qiao,明,,,,,,廣州府,113.25606537,23.134624481,129,B,张乔,0,,
55378,談印梅,Tan Yinmei,清,1791,1820,1791,緗卿(字),,歸安,120.09931183,30.864963531,116,B,谈印梅,1,《清代人物生卒年表》定其生卒年為乾隆56年~？。 【參考《清代人物生卒年表》#20301.】 ,
55985,張玉珍,Zhang Yuzhen,清,1766,1820,1766,藍生(字),,,,,115,B,张玉珍,1,,
69666,張令儀,Zhang Lingyi,清,1671,1724,1671,柔嘉(字) / 蠹窗主人(号),戲曲作家,桐城,116.93860626,31.052280426,108,B,张令仪,1,,
19713,李清照,Li Qingzhao,宋,1084,1155,1084,易安居士(号),詩人 / 詞人 / 好金石 / 士人,歷城,117.00148773,36.650131226,104,A/B,李清照,0,"Li(2) Qingzhao [19713] She was a poet and in Shaoxing period presented the archeological work of her husband, Zhao(1) Mingcheng [19714] (q.v.), at court. She took the hao, Yian jushi and was more than",
56140,葉小鸞,Ye Xiaoluan,明,1616,1632,1616,瑤期(字) / 瑶期(字) / 瓊章(字),詩人,吳江,120.637787,31.167065,104,B,叶小鸾,1,,
55338,孫雲鳳,Sun Yunfeng,清,1764,1814,1764,碧梧(字),,仁和,120.16862488,30.294124603,104,B,孙云凤,1,《清代人物生卒年表》定其生卒年為乾隆29年~嘉慶19年。 【參考《清代人物生卒年表》#6551.】 ,
567603,李長霞,Li Zhangxia,清,,,,德霄(字) / 錡齋(号),,掖縣,119.93800354,37.175430298,103,B,李长霞,0,,
54581,李佩金,Li Peijin,清,1775,1805,1775,秋雁詩人(别名) / 紉蘭(字),,,,,100,B,李佩金,1,《女性詞史》（山東教育出版社）339頁。 ,
54845,徐燦,Xu Can,清,1610,1678,1610,明深(字) / 湘蘋(字) / 紫䇾(号),畫家 / 詩人,吳縣,120.618622,31.31271,100,B,徐灿,1,,
95068,薛濤,Xue Tao,唐,770,832,770,女校書(号) / 洪度(字),書法家 / 詩人 / 文人,長安,108.90698242,34.246421814,99,A/B,薛涛/薛濤,1,《唐代人物知識ベース》記其生卒年為：不明 - 832. ,
55072,莊盤珠,Zhuang Panzhu,清,1772,1796,1772,蓮佩(字),詩人 / 詞人,武進,119.95230103,31.782783508,99,B,庄盘珠,1,,
55540,左錫嘉,Zuo Xijia,清,1831,1895,1831,冰如(号) / 冷吟仙館(号) / 冷雲仙館(号) / 婉芬(字) / 小雲 / 小雲(字) / 浣芬(号) / 韻卿(字),,陽湖,119.95230103,31.782783508,98,B,左锡嘉,1,《清代人物生卒年表》定其生卒年為道光11年~光緒21年。 【參考《清代人物生卒年表》#2901.】 ,
55978,劉琬懷,Liu Wanhuai,清,1755,1820,1755,撰芳(号) / 韞如(字),詩人,,,,97,B,刘琬怀,1,,
56106,俞慶曾,Yu Qingzeng,清,1865,1897,1865,吉初(字) / 琴愔,,德清,120.08480072,30.553133011,82,B,俞庆曾,1,《清代人物生卒年表》定其生卒年為同治4年~光緒23年。 【參考《清代人物生卒年表》#17087.】 ,
54921,蘇穆,Su Mu,清,1796,1850,1796,佩蘘(字) / 蘇姞(别名),,,,,82,B,苏穆,1,,
54567,楊芸,Yang Yun,清,1774,1830,1774,蕊淵(字),,金匱,120.29766846,31.574613571,78,B,杨芸,1,《清代人物生卒年表》定其生卒年為乾隆39年~道光10年。 【參考《清代人物生卒年表》#7166.】 ,
54395,王采薇,Wang Caiwei,清,1753,1776,1753,玉珍(字) / 玉瑛,詩人 / 史學家 / 佛教之俗家弟子,武進,119.95230103,31.782783508,78,B,王采薇,1,《清代人物生卒年表》定其生卒年為乾隆18年~乾隆41年。 【參考《清代人物生卒年表》#1528.】 ,
55240,許德蘋,Xu Depin,清,1826,1861,1826,採白仟子 / 采白仙子(号) / 采石白仙子(号) / 香濱(字) / 香賓(字),,吳縣,120.618622,31.31271,77,B,许德蘋,1,《清代人物生卒年表》定其生卒年為道光6年~咸豐11年。 【參考《清代人物生卒年表》#6355.】 ,
54123,吳綃,Wu Xiao,清,1623,1660,1623,冰仙(字) / 素公(字) / 素君(号),畫家,蘇州府,120.61862183,31.312709808,75,B,吴绡,1,,
55921,鄧瑜,Deng Yu,清,1843,1901,1843,慧珏 / 慧珏(字) / 蕉窗主人,,金匱,120.29766846,31.574613571,69,B,邓瑜,1,《清代人物生卒年表》定其生卒年為道光23年~光緒27年。 【參考《清代人物生卒年表》#2637.】 ,
54671,曹慎儀,Cao Shenyi,清,1780,1848,1780,叔惠 / 叔蕙(字),,新建,115.89772034,28.67489624,68,B,曹慎仪,1,《清代人物生卒年表》定其生卒年為乾隆45年~道光28年。 【參考《清代人物生卒年表》#21229.】 ,
55108,關鍈,Guan Ying,清,1822,1857,1822,妙妙道人(号) / 秋芙(字),,錢塘,120.16862488,30.294124603,63,B,关锳,1,《清代人物生卒年表》定其生卒年為道光2年~咸豐7年。 【參考《清代人物生卒年表》#5866.】 ,
54589,顧翎,Gu Ling,清,1778,1849,1778,羽素(字),,無錫,120.29766846,31.574613571,62,B,顾翎,1,《清代人物生卒年表》定其生卒年為乾隆43年~道光29年。 【參考《清代人物生卒年表》#18424.】 ,
54649,沈善寶,Shen Shanbao,清,1808,1862,1808,湘佩(字) / 西湖散人,,錢塘,120.16862488,30.294124603,59,B,沈善宝,1,《清代人物生卒年表》定其生卒年為嘉慶13年~同治1年。 【參考《清代人物生卒年表》#10951.】 ,
54106,宗婉,Zong Wan,清,1810,1908,1810,婉生(字),,常熟,120.733788,31.646582,58,B,宗婉,1,《清代人物生卒年表》定其生卒年為嘉慶15年~？。 【參考《清代人物生卒年表》#15740.】 ,
93663,武曌(武則天),Wu Zhao (Wu Zetian),唐,624,705,624,則天大聖皇帝 / 則天大聖皇后(谥号) / 則天順聖皇后(谥号) / 大聖天后 / 天冊金輪聖神皇帝 / 天后 / 慈氏越古金輪聖神皇帝 / 武則天 / 武媚 / 聖帝天后 / 聖母神皇 / 聖神皇帝 / 越古金輪聖神皇帝 / 金輪聖神皇帝,比丘尼 / 工於文 / [皇后] / [皇帝],文水,112.02419281,37.436981201,56,A/B,則天皇后/武则天/武則天/武曌,0,《唐代人物知識ベース》記其生卒年為：624 - 705.,
55048,商景蘭,Shang Jinglan,清,1605,1680,1605,媚生(字) / 眉生(字),,會稽,120.57826233,30.004514694,56,B,商景兰,1,《清代人物生卒年表》定其生卒年為萬曆33年~？。 《清代人物生卒年表》原注：「商景蘭生年或作萬曆三十二年（1604），恐非是。其 《五十自敘》詩云：『歲甲午十月，我年當五十。』甲午為順治十一年（1654），本書即以此推定其生年。」 【參考《清代人物生卒年表》#21706.】 ,
54938,江瑛,Jiang Ying,清,1836,1874,1836,蕋珊(字),,,,,56,B,江瑛,1,,
118832,景翩翩,Jing  Pianpian,明,,,,三昧(字) / 景遙(别名) / 翩翩(字),,,,,54,B,景翩翩,1,,
55810,阮恩灤,Ruan Enluan,清,1831,1854,1831,媚川(字),,儀徵,119.17762756,32.267543793,53,B,阮恩滦,1,《清代人物生卒年表》定其生卒年為道光11年~咸豐4年。 【參考《清代人物生卒年表》#6406.】 ,
56134,葉紈紈,Ye Wanwan,明,1610,1633,1610,昭齊(字),,,,,53,B,叶纨纨,1,,
93803,魚玄機,Yu Xuanji,唐,844,868,844,幼微(字) / 蕙蘭(字) / 魚元機(别名),詩人 / 文人,長安,108.90698242,34.246421814,52,A/B,魚玄機/鱼玄机,1,《唐代人物知識ベース》記其生卒年為：844? - 868. ,
566311,劉祖滿,Liu Zuman,明,,,,蘭雪(字),,廬陵,114.971275,27.103239,51,B,刘祖满,0,,
54696,孫蓀意,Sun Sunyi,清,1783,1820,1783,秀芬(字) / 苕玉,,仁和,120.16862488,30.294124603,51,B,孙荪意,1,《清代人物生卒年表》定其生卒年為乾隆48年~？。 【參考《清代人物生卒年表》#6708.】 ,
120761,慕昌溎,Mu Changgui,清,,,1866,壽荃(字),,,,,50,B,慕昌溎,1,,
55335,孫雲鶴,Sun Yunhe,清,1766,1816,1766,仙品 / 蘭友(字),,仁和,120.16862488,30.294124603,50,B,孙云鹤,1,《清代人物生卒年表》定其生卒年為？~嘉慶21年。 【參考《清代人物生卒年表》#6556.】 ,
70208,錢蘅生,Qian Hengsheng,清,1802,1846,1802,佩芬 / 杜香(字),,嘉興,120.75320435,30.767469406,49,B,钱蘅生,1,,
568561,翁瑞恩,Weng Ruien,清,,,,璿華(字),,常熟,120.733788,31.646582,48,B,翁瑞恩,0,,
55312,陸蓉佩,Lu Rongpei,清,1836,1874,1836,,,陽湖,119.95230103,31.782783508,48,B,陆蓉佩,1,《清代人物生卒年表》定其生卒年為？~咸豐10年。 【參考《清代人物生卒年表》#12708.】 ,
55121,張珊英,Zhang Shanying,清,1795,1824,1795,緯青(字),,,,,46,B,张珊英,1,《清代人物生卒年表》定其生卒年為乾隆60年~道光4年。 【參考《清代人物生卒年表》#12047.】 ,
55096,錢斐仲,Qian Feizhong,清,1809,1850,1809,餐霞(字),,秀水,120.75320435,30.767469406,46,B,钱斐仲,1,《清代人物生卒年表》定其生卒年為嘉慶14年~？。 【參考《清代人物生卒年表》#18876.】 ,
56040,朱中楣,Zhu Zhongmei,清,1621,1672,1621,懿則(别名) / 石園 / 遠山(字),,南昌,115.89772034,28.67489624,46,B,朱中楣,1,《清代人物生卒年表》定其生卒年為天啟1年~？。 【參考《清代人物生卒年表》#4286.】 ,
54990,錢孟鈿,Qian Mengdian,清,1739,1806,1739,冠之(字) / 浣青(号),詩人,陽湖,119.95230103,31.782783508,46,B,钱孟钿,1,《清代人物生卒年表》定其生卒年為乾隆4年~嘉慶11年。 【參考《清代人物生卒年表》#18824.】 ,
569271,楊浣芬,Yang Huanfen,清,,,,,,無錫,120.29766846,31.574613571,45,B,杨浣芬,0,,
70463,莊德芬,Zhuang Defen,清,1718,1774,1718,端人(字),詩人,武進,119.95230103,31.782783508,45,B,庄德芬,1,《清代人物生卒年表》定其生卒年為康熙57年~乾隆39年。 【參考《清代人物生卒年表》#5070.】,
54855,吳茝,Wu Chai,清,1838,1874,1838,佩纕(字) / 紉之(号),,吳縣,120.618622,31.31271,45,B,吴茝,1,《清代人物生卒年表》定其生卒年為道光18年~同治13年。 【參考《清代人物生卒年表》#9047.】 ,
56185,范貞儀,Fan Zhenyi,清,,,,一栢(号) / 芳筠(字),,,,,45,B,范贞仪,1,,
55530,王貞儀,Wang Zhenyi,清,1768,1797,1768,德卿(字) / 德風亭(号) / 金陵女史(号),,上元,118.76898956,32.052562714,45,B,王贞仪,1,,
55047,沈榛,Shen Zhen,清,1628,1691,1628,伯虔(字) / 孟端(号) / 端孟(号),,,,,45,B,沈榛,1,,
54414,嚴永華,Yan Yonghua,清,1836,1890,1836,少藍(字),,桐鄉,120.54273987,30.641677856,44,B,严永华,1,《清代人物生卒年表》定其生卒年為道光16年~光緒16年。 【參考《清代人物生卒年表》#6931.】 ,
90000009,朱玉仙,Zhu Yuxian,清,1796,1867,,,闺秀,博白,,,44,C,,0,"朱玉仙(1796–?),清代广西博白女诗人,北流黎玉章妻;随父仕闽、随夫官山右,历三江五湖、黄鹤楼、雁门关皆有题咏,存《画诗楼稿》(光绪九年刻本)。出处经王德明《广西古代诗词史》(广西师范大学出版社2009)专节著录印证——该书所引《感怀易贤亡姊》《有怀诸弟》《感怀之作》《舟次桂林即景偶作》等十余首与本站文本逐字一致,并注出处为光绪九年刻本《画诗楼稿》。⚠️学术专著仅引十余首、余篇待一手《画诗楼稿",1
111894,鄭允端,Zheng Yunduan,元,1327,1356,1327,正淑(字),,吳縣,120.618622,31.31271,43,B,郑允端,1,,
54634,呂采芝,Lv Caizhi,清,1796,1850,1796,嘉華(字),,,,,42,B,吕采芝,1,,
53989,鄭蘭孫,Zheng Lansun,清,1819,1861,1819,娛淸(字) / 蘅洲(号),,仁和,120.16862488,30.294124603,42,B,郑兰孙,1,,
54896,葛宜,Ge Yi,清,1635,1671,1635,南有(字),,海寧州,120.53749847,30.406280518,41,B,葛宜,1,《清代人物生卒年表》定其生卒年為崇禎8年~康熙10年。 【參考《清代人物生卒年表》#22129.】 ,
55563,屈蕙纕,Qu Huixiang,中華民國,1862,1929,1862,逸珊(字),,臨海,121.12059784,28.843132019,40,B,屈蕙纕,1,《清代人物生卒年表》定其生卒年為同治1年~？。 【參考《清代人物生卒年表》#15831.】 ,
54684,梁德繩,Liang Desheng,清,1771,1847,1771,楚生(字),,錢塘,120.16862488,30.294124603,40,B,梁德绳,1,《清代人物生卒年表》定其生卒年為乾隆36年~道光27年。 【參考《清代人物生卒年表》#21904.】 ,
54821,歸懋儀,Gui Maoyi,清,1762,1832,1762,佩珊(字) / 虞山女史(号),,,,,40,B,归懋仪,1,,
54636,張友書,Zhang Youshu,清,1803,1875,1803,靜宜(字),,丹徒,119.44429016,32.206489563,40,B,张友书,1,《清代人物生卒年表》定其生卒年為嘉慶8年~光緒1年。 【參考《清代人物生卒年表》#11579.】 ,
56075,曹景芝,Cao Jingzhi,清,,,,宜仙(字),,,,,38,B,曹景芝,1,,
54058,沈纕,Shen Xiang,清,1736,1795,1736,玉香僊子(号) / 蕙孫(字),,,,,37,B,沈纕,1,,
54198,繆珠蓀,Miao Zhusun,清,1851,1911,1851,樨青(号) / 穉青(字) / 霞珍(字),,,,,37,B,缪珠荪,1,,
54817,夏伊蘭,Xia Yilan,清,1812,1826,1812,佩仙(字),,錢塘,120.16862488,30.294124603,35,B,夏伊兰,1,《清代人物生卒年表》定其生卒年為嘉慶17年~道光6年。 【參考《清代人物生卒年表》#18301.】 ,
54203,沈鵲應,Shen Queying,清,1874,1898,1874,孟雅(字) / 沈靜儀(别名),,侯官,119.32157898,26.073953629,35,B,沈鹊应,1,《清代人物生卒年表》定其生卒年為？~光緒25年。 【參考《清代人物生卒年表》#10968.】 ,
91931,上官婉兒,Shangguan Wan'er,唐,664,710,664,上官昭容 / 惠文(谥号),詩人,陜縣,111.22994,34.62542,34,A/B,上官婉儿/上官昭容,1,《唐代人物知識》記其生卒年為：664 - 710. ,
55291,席佩蘭,Xi Peilan,清,1766,1829,1766,席佩芬(别名) / 月襟(字) / 蘂珠(号) / 道華 / 韻芬,,常熟,120.733788,31.646582,34,B,席佩兰,1,《清代人物生卒年表》定其生卒年為乾隆31年~？。 【參考《清代人物生卒年表》#20023.】 ,
55481,殷秉璣,Yin Bingji,清,1821,1881,1821,莖僊(字),,,,,34,B,殷秉玑,1,,
54802,楊繼端,Yang Jiduan,清,1773,1817,1773,古雪(号) / 明霞(字),,,,,32,B,杨继端,1,生卒年據《遂寧市志（下冊）》2124頁楊繼端條。 ,
54381,李含章,Li Hanzhang,清,1736,1795,1736,蘭貞(字),,,,,31,B,李含章,1,,
54644,陸珊,Lu Shan,清,1820,1862,1820,佩琄(字) / 珊珊(号),,元和,120.61862183,31.312709808,31,B,陆珊,1,《清代人物生卒年表》定其生卒年為嘉慶25年~同治1年。 【參考《清代人物生卒年表》#12502.】 ,
54575,鮑之芬,Bao Zhifen,清,1761,1808,1761,佩芳(号) / 浣雲 / 藥繽(字),,丹徒,119.44429016,32.206489563,31,B,鲍之芬,1,《清代人物生卒年表》定其生卒年為乾隆26年~嘉慶13年。 【參考《清代人物生卒年表》#23843.】 ,
56031,許誦珠,Xu Songzhu,清,1797,1850,1797,寶娟(字),,,,,31,B,许诵珠,1,,
55324,濮文綺,Pu Wenqi,清,1831,1874,1831,彈綠(字),,,,,29,B,濮文绮,1,,
54443,孔祥淑,Kong Xiangshu,清,1847,1885,1847,齊賢(字),,曲阜,116.98722839,35.598602295,28,B,孔祥淑,1,《清代人物生卒年表》定其生卒年為道光27年~光緒11年。 【參考《清代人物生卒年表》#2787.】 ,
55487,高佩華,Gao Peihua,清,,,,素香(字),,,,,28,B,高佩华,1,,
55061,蔣紉蘭,Jiang Renlan,清,1662,1722,1662,秋佩(字),,,,,27,B,蒋纫兰,1,,
73467,包蘭瑛,Bao Lanying,中華民國,1873,,1873,佩棻 / 者香,,丹徒,119.44429016,32.206489563,26,B,包兰瑛,1,《清代人物生卒年表》定其生卒年為同治12年~？。 【參考《清代人物生卒年表》#3596.】,
54138,錢鳳綸,Qian Fenglun,清,1662,1722,1662,雲儀(字),,,,,26,B,钱凤纶,1,,
567516,柯劭慧,Ke Shaohui,清,,,,稚筠(字),,膠州,120.00730133,36.30002594,25,B,柯劭慧,0,,
54988,錢湘,Qian Xiang,清,1797,1822,1797,季蘋(字),,,,,25,B,钱湘,1,,
55973,葛秀英,Ge Xiuying,清,1775,1800,1775,玉貞(字),,,,,25,B,葛秀英,1,,
120513,吳蘭畹,Wu Lanwan,清,,,1826,宛之,,,,,24,B,吴兰畹,1,,
54086,金逸,Jin Yi,清,1770,1794,1770,仙仙 / 僊仙女史(号) / 纖纖(字),,長洲,120.618622,31.31271,24,B,金逸,1,《清代人物生卒年表》定其生卒年為乾隆35年~乾隆59年。 【參考《清代人物生卒年表》#14716.】 ,
56022,許淑慧,Xu Shuhui,清,1796,1861,1796,定生(字),,,,,24,B,许淑慧,1,,
54669,季蘭韻,Ji Lanyun,清,1793,,1793,湘娟(字),,常熟,120.733788,31.646582,24,B,季兰韵,1,《清代人物生卒年表》定其生卒年為乾隆58年~？。 【參考《清代人物生卒年表》#14651.】 ,
94253,晁采,Chao Cai,唐,,,,試鶯(字),詩人,,,,23,A/B,晁采,0,,
567696,李端臨,Li Duanlin,清,,,,更生(字),,烏程,120.09931183,30.864963531,23,B,李端临,0,,
82408,范淑,Fan Shu,清,1821,1846,1821,性宜 / 菊農,,德化,115.98567963,29.722364426,23,B,范淑,1,《清代人物生卒年表》定其生卒年為道光1年~道光26年。 《清代人物生卒年表》原注：「范淑， 《江西歷代人物辭典》等作道光十年（1830）生，咸豐五年（1855）卒，誤。范元亨 《性宜六妹傳》云：『以道光元年辛巳夏生於和城官署，卒於道光二十六年四月初三。』所言甚明。」 【參考《清代人物生卒年表》#14018.】 ,
566537,余玉馨,Yu Yuxin,明,,,,,,南海,113.256066,23.134624,23,B,余玉馨,0,,
55467,金至元,Jin Zhiyuan,清,1694,1765,1694,含英(号) / 載振(字) / 金玉元(别名),,,,,23,B,金至元,1,,
55497,儲慧,Chu Hui,清,1835,1891,1835,嘯凰(字),,宜興,119.81438446,31.363637924,23,B,储慧,1,《清代人物生卒年表》定其生卒年為道光15年~光緒17年。 【參考《清代人物生卒年表》#23091.】 ,
90000008,许小韫,Xu Xiaoyun,清,,1869,,,闺秀,番禺,,,23,C,,0,"许小韫(?–1869),晚清番禺闺秀,道光庚戌(1850)榜眼许其光胞姐,探花张岳崧长孙、生员张熊光(字锡卿)妻。年二十于归,居定安高林村柏香山馆,与三叔张钟璘妻赵淑芳(江西按察赵德潾之女)唱和;年二十七夫卒,寡居事孀姑吴氏(张銮妻,咸丰七年旌表)极孝;姑卒,年四十七,绝食数日殉之,遗幼女。人与诗均据光绪《定安县志》(光绪四年修;海南出版社2004郑行顺、陈建国点校本)一手核实:本传见卷六列传志四",1
55550,曾懿,Zeng Yi,中華民國,1853,1927,1853,伯淵(字) / 朗秋,,華陽,104.0779953,30.650384903,22,B,曾懿,1,《清代人物生卒年表》定其生卒年為咸豐3年~中華民國16年。 【參考《清代人物生卒年表》#23262.】,
122372,呼文如,Hu Wenru,明,,,,祖(字) / 祖(小字),,江夏,114.306655,30.57367,21,B,呼文如,1,,
118811,楊宛,Yang  Wan,明,1600,1647,1600,宛叔(字),,,,,21,B,杨宛,1,,
55066,趙友蘭,Zhao Youlan,清,,,,佩芸(字) / 書卿(号),,,,,21,B,赵友兰,1,,
76364,勞蓉君,Lao Rongjun,清,1816,1847,1816,採卿(字) / 鏡香(字),,山陰,120.57826233,30.004514694,20,B,劳蓉君,1,《清代人物生卒年表》定其生卒年為嘉慶21年~道光27年。 【參考《清代人物生卒年表》#6997.】,
55919,章有湘,Zhang Youxiang,清,1628,1671,1628,令儀 / 橘隱居士(号) / 玉筐(字),,華亭,121.227638,31.009476,20,B,章有湘,1,《清代人物生卒年表》定其生卒年為？~康熙10年。 【參考《清代人物生卒年表》#21652.】,
338712,李冶,Li Ye,唐,742,784,742,,,,,,19,A/B,李冶,1,唐代人物知識ベース  pers01266,
56611,許景樊,Xu Jingfan,明,1563,1589,1563,蘭雪主人(字),,,,,19,B,许景樊,1,,
54105,錢念生,Qian Niansheng,清,,1877,1821,咀赮(字),,,,,19,B,钱念生,1,,
56033,薛瓊,Xue Qiong,清,,,1659,素儀(字) / 薛璚,詩人,長洲,120.618622,31.31271,18,B,薛琼,1,,
70145,陳爾士,Chen  Ershi,清,1785,1821,1785,煒卿,,餘杭,119.9406,30.27177,18,B,陈尔士,1,有聽松樓遺稿附詩餘。 《清代人物生卒年表》定其生卒年為乾隆50年~道光1年。 【參考《清代人物生卒年表》#13169.】 ,
120579,張秀端,Zhang Xiuduan,清,,,1810,蘭士(字),,番禺,113.25606537,23.134624481,18,B,张秀端,1,,
568806,王嗣暉,Wang Sihui,清,,,,,,海寧州,120.53749847,30.406280518,18,B,王嗣晖,0,,
119175,趙承光,Zhao  Chengguang,清,,,1643,希孟(字),,,,,18,B,赵承光,1,,
34921,屠瑤瑟,Tu Yaose,明,1572,1600,1572,湘靈,[妻] / 士人,鄞縣,121.542656,29.866316,17,B,屠瑶瑟,1,"Tu(2) Yaose [34921] CHECK biographical source cited in Lidai renwu nianli tongpu. MS, 288.7389. ",
54299,惲珠,Yun Zhu,清,1771,1833,1771,星聯 / 珍浦(字),畫家 / 詩人 / 孝子/孝女 / 小學家 / 經學家—詩經,陽湖,119.95230103,31.782783508,17,B,恽珠,1,《清代人物生卒年表》定其生卒年為乾隆36年~道光13年。 【參考《清代人物生卒年表》#17257.】 ,
56005,屈秉筠,Qu Bingyun,清,1767,1810,1767,宛仙(字),,常熟,120.733788,31.646582,17,B,宛仙/屈秉筠,1,《清代人物生卒年表》定其生卒年為乾隆32年~嘉慶15年。 【參考《清代人物生卒年表》#15822.】 ,
55301,陳珍瑤,Chen Zhenyao,清,,,,月史(字),,,,,17,B,陈珍瑶,1,,
56114,李道清,Li Daoqing,清,,,1885,味蘭(字),,,,,17,B,李道清,1,,
54209,李慎溶,Li Shenrong,清,1878,1903,1878,李慎容(别名) / 樨淸(字),,閩縣,119.32157898,26.073953629,17,B,李慎溶,1,《清代人物生卒年表》定其生卒年為光緒4年~光緒29年。 【參考《清代人物生卒年表》#8874.】 ,
568183,任崧珠,Ren Songzhu,清,,,,端卿(字),,震澤,120.63778687,31.167064667000002,16,B,任崧珠,0,,
118773,徐媛,Xu  Yuan,明,,,1568,小淑(字) / 靜照,諸宮調與散曲集作家,長洲,120.618622,31.31271,16,B,徐媛/静照,1,,
34925,沈天孫,Shen Tiansun,明,,,1564,七襄(别名),[妻] / 士人,宣城,118.7425,30.946941,16,B,沈天孙,1,"Shen(2) Qixiang [34925] MS, 216.5698. ",
54240,林以寧,Lin Yining,清,1655,1735,1655,亞清(字) / 墨莊,詩人,錢塘,120.16862488,30.294124603,16,B,林以宁,1,《清代人物生卒年表》定其生卒年為順治12年~？。 【參考《清代人物生卒年表》#14217.】 ,
70083,文靜玉,Wen Jingyu,清,,,1774,湘霞(字),,,,,16,B,文静玉,1,,
73027,盧德儀,Lu Deyi,清,1820,1865,1820,儷蘭(字) / 梅鄰(字),,黃巖,121.25835419,28.642612457,16,B,卢德仪,1,《清代人物生卒年表》定其生卒年為嘉慶25年~同治4年。 【參考《清代人物生卒年表》#3074.】 ,
120717,梁靄,Liang  Ai,清,,,1861,,,,,,16,B,梁霭,1,,
567980,繆寶娟,Miu Baojuan,清,,,,珊如(字),,常熟,120.733788,31.646582,16,B,缪宝娟,0,,
55482,張學雅,Zhang Xueya,清,1649,1671,1649,古什(字),,,,,16,B,张学雅,1,張學雅的四妹張學典的生年是順治六年，故將張學雅的生年定在順治六年之前。,
53994,俞繡孫,Yu Xiusun,清,1849,1882,1849,䋛裳(字),,德清,120.08480072,30.553133011,16,B,俞绣孙,1,《清代人物生卒年表》定其生卒年為道光29年~光緒8年。 《清代人物生卒年表》原注：「俞繡孫卒於光緒八年十二月，公曆為1883年。」 【參考《清代人物生卒年表》#17113.】 ,
121271,錢淑生,Qian  Shusheng,清,,,,,,,,,16,B,钱淑生,1,,
56149,賀雙卿,He Shuangqing,清,1715,1765,1715,秋碧(字),,,,,16,B,贺双卿,1,,
56161,孫瑩培,Sun Yingpei,清,1821,1841,1821,,,錢塘,120.16862488,30.294124603,16,B,孙瑩培,1,《清代人物生卒年表》定其生卒年為？~道光21年。 【參考《清代人物生卒年表》#6737.】 ,
55449,方彥珍,Fang Yanzhen,清,,,,岫君(号) / 靜雲(字),詩人,歙縣,118.4339447,29.86577034,16,B,方彦珍,1,,
21699,魏玩,Wei Wan,宋,1040,1103,1040,魏芷 / 魏夫人,,襄陽,112.158699,32.026524,15,A/B,魏夫人,1,"Wei(5) C [21699] CBD, 4, 2795. ",
70072,梁小玉,Liang Xiaoyu,明,,,,玉姬(字) / 瑯環女史(号),,,,,15,B,梁小玉,1,,
54289,方芳佩,Fang Fangpei,清,1728,1809,1728,懷蓼(号) / 芷齋(字) / 鳳池,,錢塘,120.16862488,30.294124603,15,B,方芳佩,1,《清代人物生卒年表》定其生卒年為雍正6年~嘉慶14年。 【參考《清代人物生卒年表》#2459.】 ,
91158,闞壽坤,Kan Shoukun,清,1852,1878,1852,德嫻,,合肥,117.27645874,31.864456177,15,B,阚寿坤,1,《清代人物生卒年表》定其生卒年為咸豐2年~光緒4年。 【參考《清代人物生卒年表》#24233.】 ,
567777,劉文嘉,Liu Wenjia,清,,,,,,滄州,116.86196899,38.309001923,15,B,刘文嘉,0,,
85810,袁嘉,Yuan Jia,清,,1853,1797,柔吉(字),,錢塘,120.16862488,30.294124603,15,B,袁嘉,1,,
55832,沈允慎,Shen Yunshen,清,,,,仲玫(号) / 湘濤(字),,,,,15,B,沈允慎,1,,
78882,何慧生,He Huisheng,清,1800,1858,1800,蓮因,,善化,112.97813416,28.198198318,14,B,何慧生,1,《清代人物生卒年表》定其生卒年為？~咸豐8年。 【參考《清代人物生卒年表》#9956.】 ,
119187,王鳳嫻,Wang  Fengxian,明,1628,1661,1628,文如(号) / 瑞卿(字),,,,,14,B,王凤娴,1,,
118852,項蘭貞,Xiang  Lanzhen,明,,,,孟琬(字),,,,,14,B,项兰贞,1,,
54969,方維儀,Fang Weiyi,清,1585,1668,1585,仲賢(字),畫家,桐城,116.93860626,31.052280426,14,B,方维仪,1,《清代人物生卒年表》定其生卒年為萬曆13年~康熙7年。 【參考《清代人物生卒年表》#2519.】 ,
55720,王端淑,Wang Duanshu,清,1621,1706,1621,映然(号) / 映然子(号) / 玉映(字) / 王瑞淑(别名),畫家,山陰,120.57826233,30.004514694,14,B,王瑞淑/王端淑,1,,
55979,周瓊,Zhou Qiong,清,1610,1671,1610,性道人 / 羽步(字) / 飛卿(字) / 飛卿(号),畫家,吳江,120.637787,31.167065,14,B,性道人,1,,
569401,俞玫,Yu Mei,清,,,,佩珣(字),,湖州府,120.09931183,30.864963531,13,B,俞玫,0,,
56607,李淑媛,Li Shuyuan,清,,,,,,,,,13,B,李淑媛,1,,
567793,劉壽萱,Liu Shouxuan,清,,,,劉蔭(别名),,武進,119.95230103,31.782783508,13,B,刘寿萱,0,,
54102,宗粲,Zong Can,清,,,,倩宜(字),,,,,13,B,宗粲,1,,
569062,徐咸安,Xu Xianan,清,,,,素蓮(字),,揚州府,119.43718719,32.391269684,13,B,徐咸安,0,,
56328,顧信芳,Gu Xinfang,清,1708,1771,1708,湘英(字) / 生香,詩人,吳縣,120.618622,31.31271,13,B,顾信芳,1,《清代人物生卒年表》定其生卒年為康熙47年~乾隆36年。 【參考《清代人物生卒年表》#18559.】,
54148,商景徽,Shang Jinghui,清,,,1635,嗣音(字),,,,,12,B,商景徽,1,,
569504,張元默,Zhang Yuanmo,清,,,,蕙芳(字),,常熟,120.733788,31.646582,12,B,张元默,0,,
566256,黎瑜娘,Li Yuniang,明,,,,,,瓊山,110.357941,20.008165,12,B,黎瑜娘,0,,
118769,沈瓊蓮,Shen Qionglian,明,1488,1505,1488,瑩中(字),,,,,12,B,沈琼莲,1,也可參考明清婦女著作資料庫MQWW PoetID #2921 ,
54331,張佛繡,Zhang Foxiu,清,1662,1722,1662,抱珠(字),,,,,12,B,张佛绣,1,,
567772,劉韻,Liu Yun,清,,,,繡琴(字) / 贈梅(号),,南豐,116.52993011,27.214305878,12,B,刘韵,0,,
55762,林瑛佩,Lin Yingpei,清,1692,1735,1692,懸蔾(字),,莆田,119.011101,25.433954,12,B,林瑛佩,1,《清代人物生卒年表》定其生卒年為順治17年~？。 【參考《清代人物生卒年表》#14318.】 ,
120607,錢啟繒,Qian Qizeng,清,,,1853,仲綈,,,,,12,B,钱启缯,1,,
43908,萧观音,Xiao Guanyin,遼,,1075,1035,宣懿皇后(谥号) / 懿德皇后,[后妃] / 詞人,臨潢府,119.25768,44.05668,12,B,萧观音,1,,
48658,孫道絢,Sun Daoxuan,宋,,,1104,冲虛居士(号),,,,,11,A/B,孙道绚/孫道絢,0,,
118003,陸卿子,Lu Qingzi,明,,,1571,,,,,,11,B,陆卿子,1,,
134678,沈滿願,Shen Manyuan,南梁,,,501,,,,,,11,B,沈满愿,1,,
54164,柴靜儀,Chai Jingyi,清,1662,1722,1662,季嫺(字) / 蘭癡(号),畫家,,,,11,B,柴静仪,1,,
54222,徐德音,Xu Deyin,清,1662,1722,1662,徐淑則(别名) / 德音(字) / 淑则(字) / 綠凈老人,詩人,歙縣,118.4339447,29.86577034,11,B,徐德音,1,歷代婦女著作考作徐淑則﹐字德音。 ,
569324,姚素榆,Yao Suyu,清,,,,姚鴻蕙(别名),,常熟,120.733788,31.646582,11,B,姚素榆,0,,
569302,姚倩,Yao Qian,清,,,,倩君(字),,,,,11,B,姚倩,0,,
119283,歸淑芬,Gui  Shufen,清,1644,1691,1644,素英(字) / 繼英(字),畫家,,,,11,B,归淑芬,1,,
55196,紀映淮,Ji Yinghuai,清,1617,1706,1617,冒綠(字) / 阿男(字),,,,,11,B,纪映淮,1,生年依據莒縣地方史志編纂委員會編《莒縣誌》1178頁。 ,
56223,冒德娟,Mao Dejuan,清,,,1674,嬿婉(字),,,,,11,B,冒德娟,1,,
55814,張蘩,Zhang Fan,清,1644,1722,1644,衡棲(号) / 衡棲老人(号) / 衡棲老婦(号) / 采于(字),戲曲作家,長洲,120.618622,31.31271,11,B,张蘩,1,,
56166,吳小姑,Wu Xiaogu,清,1825,1852,1825,海山仙人,,瓊州府,110.35800171,20.00799942,11,B,吴小姑,1,《清代人物生卒年表》定其生卒年為道光5年~咸豐2年。 【參考《清代人物生卒年表》#9201.】 ,
133891,湯萊,Tang Lai,清,,,,,,,,,11,B,汤莱,1,,
110223,管道昇,Guan Daosheng,元,1262,1319,1262,仲姬(字),,烏程,120.099312,30.864964,10,B,管道升,1,,
120216,鮑令暉,Bao Linghui,宋(劉),,,414,,,,,,10,B,鲍令晖,1,,
118896,薄少君,Bo  Shaojun,明,,1625,1588,西真(字),,,,,10,B,薄少君,1,,
133920,吳受竹,Wu Shouzhu,清,,,,吳愛竹(别名),,,,,10,B,吴受竹,1,,
55751,李學慎,Li Xueshen,清,,,1751,以漪(字),,,,,10,B,李学慎,1,,
568861,吳璜,Wu Huang,清,,,,宗渭(字),,,,,10,B,宗渭,0,,
54180,何玉瑛,He Yuying,清,1736,1820,1736,梅鄰(字),,,,,10,B,何玉瑛,1,,
56177,姚益敬,Yao Yijing,清,,,1728,元吉(字),,,,,10,B,姚益敬,1,,
55505,張學典,Zhang Xuedian,清,1649,,1649,古政(字) / 羽仙(字) / 羽仙(号),畫家,吳縣,120.618622,31.31271,10,B,张学典,1,《清代人物生卒年表》定其生卒年為順治6年~？。 【參考《清代人物生卒年表》#12015.】張學典妹學象亦生於順治六年，或二人生年有誤，或同時生產，存疑。 ,
569219,言忠貞,Yan Zhongzhen,清,,,,靜芳(字),,常熟,120.733788,31.646582,10,B,言忠贞,0,,
119273,顧之瓊,Gu  Zhiqiong,清,,,1623,玉蕊(字),,,,,10,B,顾之琼,1,又可參考《明清婦女著作數據庫》MQWW PoetID #5225 ,
123083,周蘭秀,Zhou Lanxiu,清,,,,淑英(字),,吳江,120.637787,31.167065,9,B,周兰秀,1,,
54794,何佩芬,He Peifen,清,1815,1850,1815,吟香(字) / 蘭卿(号),,,,,9,B,何佩芬,1,,
54169,朱柔則,Zhu Rouze,清,1662,1722,1662,道珠(字) / 順成(字),畫家,錢塘,120.16862488,30.294124603,9,B,朱柔则,1,,
55137,張䌌英,Zhang Qieying,清,1792,1860,1792,孟緹(字),,陽湖,119.95230103,31.782783508,9,B,张䌌英,1,《清代人物生卒年表》定其生卒年為乾隆57年~？。 【參考《清代人物生卒年表》#12427.】 ,
55195,王采蘋,Wang Caipin,清,1827,1893,1827,澗香,,無錫,120.29766846,31.574613571,9,B,王采蘋,1,《清代人物生卒年表》定其生卒年為道光7年~光緒19年。 【參考《清代人物生卒年表》#1527.】,
119238,查清,Zha  Qing,清,,,,太清(字),,,,,9,B,查清,1,,
119190,張引元,Zhang Yinyuan,明,,,1589,惠如(字) / 文姝(字),,,,,9,B,张引元,1,張豫章《四朝詩》明詩卷一百十五七言絶句十五：張引元《戊申上元寫懷》。,
566603,朱無瑕,Zhu Wuxia,明,,,,泰玉(字),,南京,118.76898956,32.052562714,9,B,朱无瑕,0,,
123172,周潔,Zhou Jie,明,,,,玉如(字),,,,,9,B,周洁,1,,
54903,李因,Li Yin,清,1616,1685,1616,今是(字) / 今生 / 今生(字) / 是庵 / 是庵(号) / 是菴(号) / 龕山(号),畫家,會稽,120.57826233,30.004514694,9,B,李因,1,《清代人物生卒年表》定其生卒年為萬曆44年~康熙24年。 【參考《清代人物生卒年表》#7765.】 ,
54711,陳長生,Chen Changsheng,清,1751,1820,1751,秋穀(字),,,,,9,B,陈长生,1,,
54223,吳宗愛,Wu Zongai,清,1650,1674,1650,絳雪(字),畫家,永康,120.0252533,28.897268295,9,B,吴宗爱,1,《清代人物生卒年表》定其生卒年為順治7年~康熙13年。 【參考《清代人物生卒年表》#9472.】 ,
69806,姚允迪,Yao Yundi,清,,,,蘊生(字),,,,,9,B,姚允迪,1,,
53978,胡慎容,Hu Shenrong,清,1723,1763,1723,玉亭(号) / 紅餘 / 臥雲(号) / 觀止(字),,山陰,120.57826233,30.004514694,9,B,胡慎容,1,《清代人物生卒年表》定其生卒年為？~乾隆28年。 【參考《清代人物生卒年表》#16685.】 ,
55986,吳琪,Wu Qi,清,1663,,1663,上鑒 / 佛眉(号) / 皇階 / 蕊仙(字) / 蕋仙(字) / 輝宗(号),畫家,大興,116.36800385,39.931427002,9,B,上鉴,1,《清代人物生卒年表》定其生卒年為康熙2年~？。 【參考《清代人物生卒年表》#9082.】,
69955,姚鳳翽,Yao Fenghui,清,,,1628,季羽(字),,,,,9,B,姚凤翙,1,,
120577,浦夢珠,Pu Mengzhu,清,,,,合仙 / 合雙(字),,,,,9,B,浦梦珠,1,,
93492,張窈窕,Zhang Yaotiao,唐,,,,,詩人 / 文人,,,,8,A/B,张窈窕/張窈窕,1,,
118224,賈蓬萊,Jia  Penglai,元,,,,,,,,,8,A/B,賈蓬萊/贾蓬莱,1,,
94656,梁瓊,Liang Qiong,唐,,,,,詩人 / 文人,,,,8,A/B,梁琼/梁瓊,1,,
566671,蔡碧吟,Cai Biyin,清,,,,翠暎(字),,台灣道,,,8,B,蔡碧吟,0,,
134691,劉令嫻,Liu Lingxian,南梁,,,488,劉三娘,,,,,8,B,刘令娴,1,,
566339,馬如玉,Ma Ruyu,明,,,,楚嶼(字),,南京,118.76898956,32.052562714,8,B,马如玉,0,,
54981,方孟式,Fang Mengshi,明,1584,1639,1584,如耀(字),畫家 / 詩人,桐城,116.938606,31.05228,8,B,方孟式,1,,
54739,管筠,Guan Yun,清,,,1776,湘玉(字),,,,,8,B,管筠,1,,
120834,周桂清,Zhou Guiqing,清,,,,穉嫻(字),,,,,8,B,周桂清,1,徐世昌《晚晴簃詩匯》卷一百九十一：（周桂清）歿於宜昌年五十八。 ,
567646,李家璿,Li Jiaxuan,清,,,,小齋(字),,德化,115.98567963,29.722364426,8,B,李家璿,0,,
120261,陳靜英,Chen Jingying,清,,,,,,,,,8,B,陈静英,1,,
569762,周日蕙,Zhou Rihui,清,,,,佩兮(字),,蘇州府,120.61862183,31.312709808,8,B,周日蕙,0,,
79716,沈憲英,Shen Xianying,清,1621,1683,1621,惠思 / 蘭友 / 蘭支(字),,吳江,120.637787,31.167065,8,B,沈宪英,0,《清代人物生卒年表》定其生卒年為天啟1年~康熙22年。 《清代人物生卒年表》原注：「沈憲英生卒年，文獻所記略有差異。 《悼宛君姑》題註云：『時年十五。』（ 《吳江沈氏傳略》沈宜修傳附註沈憲英年歲同。）則其年歲長於沈華鬘一歲，故繫其生年為天啟元年（1621）。 《吳江沈氏家傳》云：『年十七而嫁（葉紹袁三子葉世傛），十九而傛卒。』據葉紹袁 《自撰年譜續》，葉世傛成親在崇禎十一年（1638），卒於崇禎十,
54250,倪瑞璿,Ni Ruixuan,清,1702,1731,1702,玉英(字),,,,,8,B,倪瑞璿,1,,
55162,毛媞,Mao Ti,清,1642,1681,1642,安芳(字),,仁和,120.16862488,30.294124603,8,B,毛媞,1,《清代人物生卒年表》定其生卒年為崇禎15年~康熙20年。 【參考《清代人物生卒年表》#2152.】,
29699,孔璐華,Kong Luhua,清,1777,1832,1777,經樓(字),[妻] / [母],曲阜,116.98722839,35.598602295,8,B,孔璐华,1,"Kong(2) Shi [29699] Ruan Yuan, WJ, 1.339-348. 《清代人物生卒年表》定其生卒年為乾隆42年~道光12年。 【參考《清代人物生卒年表》#2806.】 ",
122183,嚴蘅,Yan Heng,清,,,1826,端卿(字),,,,,8,B,严蘅,1,,
95348,黃德貞,Huang Dezhen,清,,,,月輝,,,,,8,B,黄德贞,1,,
120224,徐應坤,Xu Yingkun,清,,,,淑媛(字),,,,,8,B,徐应坤,1,,
120617,沈蕊,Shen Rui,清,,,1822,芷鄕(字) / 蕊薌(字),,嘉興,120.75320435,30.767469406,8,B,沈蕊,1,,
92381,史鳳,Shi Feng,唐,,,,史鳳姬(别名) / 宣城妓,詩人,,,,7,A/B,史凤/史鳳,1,,
141521,劉媛,Liu Yuan,唐,794,818,794,玄真(字),詩人 / 文人,河南,112.38263,34.665276,7,A/B,刘媛/劉媛,0,YP NewEpitaphID=2814,
123245,袁九淑,Yuan  Jiushu,明,,,,君嬺(字),,,,,7,B,袁九淑,1,,
566337,馬守真,Ma Shouzhen,明,,,,月嬌(字) / 湘蘭(字),,南京,118.76898956,32.052562714,7,B,马守真,0,,
569935,莊湘澤,Zhuang Xiangze,清,,,,素筠(字),,日照,119.45469666,35.427951813,7,B,庄湘泽,0,,
90000007,侯夫人,Hou Furen,隋,,,,,宫人,,,,7,B,侯夫人,0,"自感诗三首(「庭绝玉辇迹」)/妆成诗/自遣诗/春日看梅诗二首。《隋遗录》(一名《大业拾遗记》)载隋炀帝宫人侯氏(侯夫人)缢死,遗诗被发现传世。语料 B隋9行(含2条组诗合并行)净 7 首。CBDB 无档,建合成档。⚠️经核语料/CBDB 均无宋代「侯夫人」作者档(范成大《新安侯夫人俞氏挽词》系咏他人非其作),隋侯夫人不与宋人相混。",
567046,馮畹,Feng Wan,清,,,,我素(字),,祥符,114.34333,34.785477,7,B,冯畹,0,,
134686,王金珠,Wang Jinzhu,南梁,,,,,,,,,7,B,王金珠,1,,
54958,黃媛介,Huang Yuanjie,清,,,,皆令(字),畫家,,,,7,B,黄媛介,1,,
55965,朱德蓉,Zhu Derong,清,,,1625,趙璧(字),,山陰,120.57826233,30.004514694,7,B,朱德蓉,1,,
53979,胡慎儀,Hu Shenyi,清,1723,1795,1723,石蘭(号) / 采齊(字),,,,,7,B,胡慎仪,1,,
85546,姚若蘅,Yao Ruoheng,清,1826,1885,1826,沅碧 / 芷湄,,桐城,116.93860626,31.052280426,7,B,姚若蘅,0,《清代人物生卒年表》定其生卒年為道光6年~光緒11年。 【參考《清代人物生卒年表》#17655.】 ,
55103,夏淑吉,Xia Shuji,清,,1662,1606,神一 / 美南(字) / 龍隱(号),,松江府,121.22763824,31.009475708,7,B,神一,1,《清代人物生卒年表》定其生卒年為？~順治18年。 《清代人物生卒年表》原注：「夏淑吉卒年， 《清代閨閣詩人徵略》卷一作康熙元年（1662）。」 【參考《清代人物生卒年表》#18349.】 ,
569189,薛幼芸,Xue Youyun,清,,,,,,江陰,120.26609039,31.908769608,7,B,薛幼芸,0,,
122627,楊澈,Yang Che,明,,,1593,朝如(字),,,,,7,B,杨澈,1,《歷代婦女著作考》作“楊徹”。 ,
122782,俞浚,Yu Jun,清,,,,安平(字),,,,,7,B,俞浚,1,,
55450,龐蕙纕,Pang Huixiang,清,,,,小宛(号) / 小畹(号) / 紉芳(字) / 龐畹(别名) / 龐蕙孃(别名),,,,,7,B,庞蕙纕,1,,
69907,嚴曾杼,Yan Zengzhu,清,,,1647,蘩(字),畫家,餘杭,119.9406,30.27177,7,B,严曾杼,1,,
56232,鄧繁楨,Deng Fanzhen,清,,,1677,墨嫻(字) / 繁貞(别名),,如皋,120.55866241,32.384021759,7,B,邓繁桢,1,,
118113,王韻梅,Wang  Yunmei,清,,,,王韶梅 / 素卿(字),,,,,7,B,王韵梅,1,,
120743,江淑則,Jiang Shuze,清,,,,閬仙(字),,常熟,120.733788,31.646582,7,B,江淑则,1,,
120345,勞紡,Lao Fang,清,,,1873,,,,,,7,B,劳纺,1,,
120619,袁毓卿,Yuan Yuqing,清,,,1847,子芳,,,,,7,B,袁毓卿,1,,
78160,吴筠,Wu Yun,清,1783,1808,,湘蘋(字) / 畹芬(号) / 湘萍 / 湘屏,闺秀,嘉兴,,,7,C,,0,"吴筠(1783–1808),字湘蘋(刻本;CBDB 别名作湘屏/湘萍),号畹芬,浙江嘉兴人,举人李贻德妻,26 岁早卒;著《早花集》(夫辑遗稿)。CBDB 78160,生卒据《清代人物生卒年表》;其档性别字段记为男,据 CBDB 亲属链(夫李贻德 77736、父 121886)与《两浙輶轩续录》卷五十三小传「筠,字湘蘋,號畹芬,嘉興人……舉人李貽德室。著《早花集》」订正为女,如实注记。李贻德识语存",1
92643,劉采春,Liu Caichun,唐,,,,,詩人,越州,120.578262,30.004515,6,A/B,刘采春/劉采春,1,,
95207,崔瓊英,Cui Qiongying,唐,,,,崔十娘,詩人,,,,6,A/B,崔十娘/崔十孃,0,,
38076,王清惠,Wang Qinghui,元,1241,1294,1241,沖華(号),道姑(女冠) / [內命婦],上都路,116.198,42.3994,6,A/B,王清惠,1,,
118624,元淳,Yuan  Chun,唐,,,,,道姑(女冠) / 詩人 / 文人,,,,6,A/B,元淳,1,,
118189,丁六孃,Ding  Liuniang,隋,,,,,,,,,6,B,丁六娘,1,,
566120,陳雲仙,Chen Yunxian,明,,,,,,順德,113.253921,22.84786,6,B,陈云仙,0,,
121310,吳令儀,Wu Lingyi,明,1593,1622,1593,棣倩,,,,,6,B,吴令仪,1,,
77365,李玉照,Li Yuzhao,清,1617,1679,1617,潔塵,,會稽,120.57826233,30.004514694,6,B,李玉照,1,《清代人物生卒年表》定其生卒年為萬曆45年~康熙18年。 【參考《清代人物生卒年表》#8171.】 ,
55969,毛秀惠,Mao Xiuhui,清,1736,1795,1736,山暉 / 山輝(字),畫家,太倉直隸州,121.09863281,31.451000214,6,B,毛秀惠,1,《清代人物生卒年表》定其生卒年為乾隆1年~乾隆60年。 【參考《清代人物生卒年表》#2175.】,
55715,龔靜照,Gong Jingzhao,清,,,1642,冰輪(字) / 永愁人(号) / 鵑紅(字) / 鵑紅(号),畫家,無錫,120.29766846,31.574613571,6,B,龚静照,1,,
72588,方婉儀,Fang Wanyi,清,1732,1779,1732,曰白(字) / 白蓮(号),畫家,歙縣,118.4339447,29.86577034,6,B,方婉仪,1,《清代人物生卒年表》定其生卒年為雍正10年~乾隆44年。 【參考《清代人物生卒年表》#2518.】 ,
120372,任玉卮,Ren Yuzhi,清,,,,任玉邑,,荊溪,119.81438446,31.363637924,6,B,任玉卮,1,,
55508,張學象,Zhang Xuexiang,清,1649,1731,1649,凌仙 / 古圖(字) / 淩仙(号),,吳縣,120.618622,31.31271,6,B,张学象,1,《清代人物生卒年表》定其生卒年為順治6年~雍正9年。 【參考《清代人物生卒年表》#12017.】 ,
54681,駱綺蘭,Luo Qilan,清,1756,1820,1756,佩香(字) / 秋亭(号),,句容,119.16273499,31.94653511,6,B,骆绮兰,1,《清代人物生卒年表》定其生卒年為乾隆21年~？。 【參考《清代人物生卒年表》#17775.】 ,
56465,潘煥媊,Pan Huanqian,清,,,,伴霞(字) / 半霞(字),,羅田,115.39039612,30.790346146,6,B,潘焕媊,1,,
54034,許之雯,Xu Zhiwen,清,1868,1898,1868,修梅(字),,錢塘,120.16862488,30.294124603,6,B,许之雯,1,《清代人物生卒年表》定其生卒年為同治7年~光緒24年。 【參考《清代人物生卒年表》#6185.】 ,
566188,郭貞順,Guo Zhenshun,明,,,,,,龍溪,117.653053,24.511744,6,B,郭贞顺,0,,
566328,羅素月,Luo Suyue,明,,,,,,惠州府,114.38943481,23.09031105,6,B,罗素月,0,,
123025,周玉簫,Zhou Yuxiao,未詳,,,,,,,,,6,B,周玉箫,1,,
55024,黃幼藻,Huang Youzao,清,,,,漢薦(字),,,,,6,B,黄幼藻,1,,
568949,吳雯炯,Wu Wenjiong,清,,,,葛巾老人(号) / 鏡秋(字),,歙縣,118.4339447,29.86577034,6,B,吴雯炯,0,,
569768,周寶生,Zhou Baosheng,清,,,,林餘(号) / 楚孫(字),,餘姚,121.152763,30.049067,6,B,周宝生,0,,
55950,祁德瓊,Qi Deqiong,清,1628,1662,1628,修嫣(号) / 卞客 / 昭華(字),,山陰,120.57826233,30.004514694,6,B,祁德琼,1,《清代人物生卒年表》定其生卒年為？~康熙1年。 【參考《清代人物生卒年表》#6121.】,
55931,章有渭,Zhang Youwei,清,,,1628,玉璜(字),,,,,6,B,章有渭,1,,
69535,葉令儀,Ye Lingyi,清,1812,1843,1812,,,,,,6,B,叶令仪,1,,
69826,吳靜,Wu Jing,清,,,,定生(字),,,,,6,B,吴静,1,,
34233,王照圓,Wang Zhaoyuan,清,1763,1851,1763,婉佺(字) / 王圓照 / 瑞玉(字) / 端玉(字),書法家 / 經學家—漢學 / 工於古文 / [妻] / 詩人,福山,121.26052856,37.493282318,6,B,王照圆,0,"Wang(2) Zhaoyuan(2) [34233] CHECK biographical sources cited in Lidai renwu nianli tongpu. 【參考資料: MQWW PoetID #871, HuWenKai #242.】 《清代人物生卒年表》定其生卒年為乾隆28年~咸豐1年。 【參考《清代人物生卒年表》#1907.】",
569247,尤澹仙,You Danxian,清,,,,寄湘(号) / 素蘭(字),,長洲,120.618622,31.31271,6,B,尤澹仙,0,,
567068,傅范淑,Fu Fanshu,清,,,,黎癡(字),,湖州府,120.09931183,30.864963531,6,B,傅范淑,0,,
76713,楊延年,Yang Yannian,中華民國,1880,1915,1880,玉暉(字),,湘鄉,112.51874542,27.737247467,6,B,杨延年,1,《清代人物生卒年表》定其生卒年為光緒6年~中華民國4年。 【參考《清代人物生卒年表》#7418.】,
119180,沈樹榮,Shen  Shurong,清,,,1634,素嘉(字),,,,,6,B,沈树荣,1,,
119213,錢貞嘉,Qian  Zhenjia,清,,,,含章(字),,,,,6,B,钱贞嘉,1,,
55443,葉宏緗,Ye Hongxiang,清,1643,1725,1643,曉葊(号) / 書城(字) / 葉宏湘(别名),,,,,6,B,叶宏缃,1,,
566102,卞夢鈺,Bian Mengyu,明,,,,卞鈺(别名) / 玄文(字) / 篆生(号),,江寧,118.76899,32.052563,6,B,卞梦钰,0,,
120442,紀松實,Ji  Songshi,清,1628,1671,1628,多零(字),,,,,6,B,纪松实,1,年三十七而卒，屬纊之前一日，檢其稿焚之曰：我生平可以告無愧者，酒食是議，毋父母貽罹而已。此不足留，且留此徒增良人傷感耳。,
120724,葉靜宜,Ye Jingyi,清,,,,峭然,,,,,6,B,叶静宜,1,,
93937,宋氏,Song Shi,唐,,,,郎大家宋氏,詩人,,,,5,A/B,郎大家宋氏,0,,
31067,徐惠,Xu Hui,唐,627,650,627,徐賢妃,工於文 / [后妃],馮翊,109.9481,34.7968,5,A/B,徐賢妃/徐贤妃,1,"Xu(3) Hui(4) [31067] XTS, 76.5b-6a.  《唐代人物知識ベース》記其生卒年為：627 - 650.",
92372,田娥,Tian E,唐,,,,,詩人,,,,5,A/B,田娥,1,,
95144,趙鸞鸞,Zhao Luanluan,唐,,,,文鵷(字),詩人 / 工於文,東平,116.282559,35.956072,5,A/B,赵鸾鸾/趙鸞鸞,1,,
94566,崔萱,Cui Xuan,唐,,,,伯容(字),詩人 / 工於文,,,,5,A/B,崔萱,1,,
95205,張氏(唐晅妻),Zhang Shi (Wife of Tang Xuan ),唐,,730,674,唐晅妻張氏,詩人,涇州,107.18605804,35.256145477,5,A/B,唐晅妻张氏/唐晅妻張氏,0,《唐代人物知識ベース》記其生卒年為：不明 - 730.,
118241,王嬌紅,Wang Jiaohong,元,,,,,,,,,5,B,王娇红,1,,
122817,桃花仕女,Tao hua  shi nv,未詳,,,,,,,,,5,B,桃花仕女,1,,
55704,彭琰,Peng Yan,明,1573,1661,1573,幼玉(字) / 畹珠(号),,,,,5,B,彭琰,1,,
55755,張曼殊,Zhang Manshu,清,1661,1685,1661,張阿錢(别名),,宛平,116.36800385,39.931427002,5,B,张曼殊/张阿钱,1,,
69746,郝湘娥,Hao Xiang'e,清,,,,,畫家,保定,116.36625671,39.006217957,5,B,郝湘娥,1,,
55909,周淑履,Zhou Shulv,清,,,,,,,,,5,B,周淑履,1,,
70217,姚履敬,Yao Lvjing,清,,,,,,,,,5,B,姚履敬,1,,
133889,陳秀貞,Chen Xiuzhen,清,,,1726,,,,,,5,B,陈秀贞,1,,
134237,張絢霄,Zhang Xuanxiao,清,,,1733,,,,,,5,B,张绚霄,1,,
34014,畢慧,Bi Hui,清,,,1760,智珠 / 蓮汀,[妻] / 士人,鎮洋,121.09863281,31.451000214,5,B,毕慧,1,"Bi(1) Hui [34014] A poet. RM, p. 1013. ",
95335,楊瓊華,Yang  Qionghua,清,,,,,,,,,5,B,杨琼华,1,,
54756,曹貞秀,Cao Zhenxiu,清,1762,1822,1762,墨琴(字),,休寧,118.17577362,29.781190872,5,B,曹贞秀,1,《清代人物生卒年表》定其生卒年為乾隆27年~？。 【參考《清代人物生卒年表》#21146.】 ,
31222,楊玉環,Yang Yuhuan,唐,719,756,719,太真(字) / 楊貴妃,詩人 / [后妃],永樂,110.547371,34.623436,5,A/B,杨玉环/楊貴妃,1,,
118772,陳妙常,Chen  Miaochang,宋,,,,,,,,,5,B,陈妙常,1,,
118614,吳淑姬,Wu  Shuji,宋,,,,,,,,,5,B,吴淑姬,1,,
120368,張倩倩,Zhang Qianqian,明,1594,1627,1594,無為(字),,,,,5,B,张倩倩,1,,
84330,趙家璧,Zhao Jiabi,清,,1685,1629,連城,,上元,118.76898956,32.052562714,5,B,赵家璧,0,,
566162,馮銀,Feng Yin,明,,,,汝白(字),,瓊山,110.357941,20.008165,5,B,冯银,0,,
70254,劉苑華,Liu  Yuanhua,明,,,,,,,,,5,B,刘苑华,1,,
120311,申蕙,Shen Hui,清,1644,1691,1644,蘭芳(字) / 詩農(号),,,,,5,B,申蕙,1,,
55954,祁德茝,Qi Dechai,清,1628,1661,1628,湘君(字),,,,,5,B,祁德茝,1,,
55730,王靜淑,Wang Jingshu,清,,,1605,一真道人 / 玉隱(字) / 釋凈琳 / 隱蟬子(号),,,,,5,B,王静淑,1,,
54145,徐昭華,Xu Zhaohua,清,1662,1722,1662,伊璧(字) / 蘭痴(号),畫家 / 詩人,上虞,120.97358704,29.952653885,5,B,徐昭华,1,,
55285,錢紉蕙,Qian Renhui,清,1662,1722,1662,淸蔭居士(号) / 秋芳(字) / 錢紉惠(别名),詩人,吳縣,120.618622,31.31271,5,B,钱纫蕙,1,,
55184,邵笠,Shao Li,清,,,,澹菴(字),,,,,5,B,邵笠,1,,
55749,李學溫,Li Xuewen,清,,,1751,蘭貞(字),,,,,5,B,李学温,1,,
56441,戴韞玉,Dai Yunyu,清,,,1723,西齋(字),,,,,5,B,戴韫玉,1,,
54686,廖雲錦,Liao Yunjin,清,1766,1835,1766,織雲(号) / 蕊珠(字),,,,,5,B,廖云锦,1,,
54418,彭玉嵌,Peng Yuqian,清,,,1764,,,,,,5,B,彭玉嵌,1,,
54840,高篃,Gao Mei,清,1796,1850,1796,湘筠(字),,,,,5,B,高篃,1,,
55144,張紈英,Zhang Wanying,清,1800,1881,1800,若綺(字),,陽湖,119.95230103,31.782783508,5,B,张纨英,1,《清代人物生卒年表》定其生卒年為嘉慶5年~光緒7年。 【參考《清代人物生卒年表》#11846.】 ,
567484,金蘭貞,Jin Lanzhen,清,,,,紉芳(字),,嘉善,120.91722107,30.843824387,5,B,金兰贞,0,,
55006,翁端恩,Weng Duan'en,清,1826,1892,1826,璇華(字) / 紉卿,,常熟,120.733788,31.646582,5,B,翁端恩,1,《清代人物生卒年表》定其生卒年為道光6年~光緒18年。 【參考《清代人物生卒年表》#19621.】 ,
569226,易蘩,Yi Fan,清,,,,南蘋(字),,湖南省,112.97813416,28.198198318,5,B,易蘩,0,,
85576,姚倚雲,Yao Yiyun,中華民國,1864,1944,1864,蘊素,,桐城,116.93860626,31.052280426,5,B,姚倚云,1,《清代人物生卒年表》定其生卒年為同治3年~中華民國33年。 【參考《清代人物生卒年表》#17686.】 ,
55295,劉雲瓊,Liu Yunqiong,清,1620,1661,1620,檻花居士(号) / 籬石(字) / 靜娟(字),,,,,5,B,刘云琼,1,,
95357,孫蘭媛,Sun Lanyuan,清,,,,介畹(字),,,,,5,B,孙兰媛,1,,
123144,錢慧貞,Qian Huizhen,清,,,,,,,,,5,B,钱慧贞,1,,
55763,蔡捷,Cai Jie,清,1662,1722,1662,步仙(字) / 羽仙(字) / 雲心,,,,,5,B,蔡捷,1,《清代人物生卒年表》定其生卒年為崇禎8年~康熙21年。 【參考《清代人物生卒年表》#23992.】 ,
95289,汪玉軫,Wang Yuzhen,清,1766,1820,1766,,,,,,5,B,汪玉轸,1,,
70120,熊象慧,Xiong Xianghui,清,,,1772,芝霞(字),,,,,5,B,熊象慧,1,,
120964,查慧,Zha  Hui,清,,,,,,,,,5,B,查慧,1,,
120587,汪菊孫,Wang Jusun,清,,,1792,靜芳(字),,錢塘,120.16862488,30.294124603,5,B,汪菊孙,1,,
120427,陳星垣,Chen  Xingyuan,清,,,1820,,,,,,5,B,陈星垣,1,,
55193,吳巽,Wu Xun,清,1693,1735,1693,道嫻(字),,嘉興,120.75320435,30.767469406,5,B,吴巽,1,《清代人物生卒年表》定其生卒年為康熙32年~雍正13年。 【參考《清代人物生卒年表》#9109.】 ,
338715,張文姬,Zhang Wenji,唐,,,,,詩人,,,,4,A/B,张文姬/張文姬,1,,
94491,常浩,Chang Hao,唐,,,,,詩人 / 妓 / 文人,,,,4,A/B,常浩,0,,
90000001,严蕊,Yan Rui,南宋,,,,幼芳(字),营妓,台州,,,4,A/B,严蕊,0,"《全宋词》收严蕊词三阕(《卜算子·不是爱风尘》《如梦令·道是梨花不是》《鹊桥仙·碧梧初出》);周密《齐东野语·台妓严蕊》载其字幼芳、台州营妓,朱熹—唐仲友案本事。语料 A宋3+B宋3 共 3 词牌;《卜算子》A/B 两版差 2 字(前身/前缘·总是/总赖)按去重规则(差二字以上保留双版)保留双版,故站内净 4 首。CBDB 无此南宋严蕊(54805 严蕊珠系清代另一人)。",
134879,沈媛,Shen Yuan,清,,,1588,文殊(字),,,,,4,B,沈媛,1,《檇李詩繫》卷三十四，影印文淵閣四庫全書本 ,
134876,沈倩君,Shen Qianjun,明,,,1583,,,,,,4,B,沈倩君,1,,
69662,商采,Shang Cai,清,,,,雲衣(字),,,,,4,B,商采,1,,
118659,羅愛卿,Luo Aiqing,元,,,,羅愛愛,詩人,,,,4,B,罗爱卿,1,可參考元人傳記資料索引#13800,
568388,蘇微香,Su Weixiang,清,,,,,,瓊山,110.35800171,20.00799942,4,B,苏微香,0,,
134858,斗娘,Douniang,未詳,,,,,,,,,4,B,斗娘,1,,
135022,蔡琰,Cai Yan,三國,,,162,蔡文姬,,,,,4,B,蔡琰,1,,
70191,陳瓊圃,Chen Qiongpu,清,,,,閬真(字) / 閬良(字),,,,,4,B,陈琼圃,1,,
569760,周月尊,Zhou Yuezun,清,,,,漪香(字),,長洲,120.618622,31.31271,4,B,周月尊,0,,
569167,謝香塘,Xie Xiangtang,清,,,,,,平陽,120.55644226,27.675718307,4,B,谢香塘,0,,
54535,宗桂,Zong Gui,清,,,1794,秋丹(字),,,,,4,B,宗桂,1,,
94502,崔公遠,Cui Gongyuan,唐,,,,崔公逵(别名) / 崔公達(别名),詩人,,,,4,A,崔公遠,1,可參考明清婦女著作數據庫MQWW PoetID #2792,
119280,錢涓,Qian Juan,清,,,1639,褧文(字),,,,,4,B,钱涓,1,,
566340,馬間卿,Ma Jianqing,明,,,,芷居(字),,上元,118.76899,32.052563,4,B,马间卿,0,,
118812,王素娥,Wang Sue,明,,,,蘗齋(号),,山陰,120.578262,30.004515,4,B,王素娥,1,,
122695,黃淑德,Huang  Shude,明,,,,柔卿(字),,,,,4,B,黄淑德,1,,
120452,王毓貞,Wang  Yuzhen,清,,,,月姝(字),,,,,4,B,王毓贞,1,,
55100,侯懷風,Hou Huaifeng,清,1620,1662,1620,若英(字),,,,,4,B,侯怀风,1,,
55938,范姝,Fan Shu,清,,,,洛仙(字),,,,,4,B,范姝,1,,
69568,卞夢珏,Bian Mengjue,清,,,,元文(字) / 玄文 / 篆生(号),,,,,4,B,卞梦珏,1,,
55572,陸觀蓮,Lu Guanlian,清,,,1612,少君(字) / 雨鬘道人(号) / 雨鬟道人(号),,,,,4,B,陆观莲,1,,
69770,徐安吉,Xu  Anji,清,,,1608,,,,,,4,B,徐安吉,1,,
55761,徐珠淵,Xu Zhuyuan,清,,,1622,,,,,,4,B,徐珠渊,1,,
55820,蔣季錫,Jiang Jixi,清,,,1661,蘋南(字),畫家,常熟,120.733788,31.646582,4,B,蒋季锡,1,,
95344,屠茝佩,Tu Chaipei,清,,,,屠(茝+氵)佩,,,,,4,B,屠茝佩,1,,
69646,鄭鏡蓉,Zheng Jingrong,清,,,1730,玉臺(字),,,,,4,B,郑镜蓉,1,,
568797,王璐卿,Wang Luqing,清,,,,仙嵋(字) / 仙嵋(号) / 繡君(字),畫家,蘇州府,120.61862183,31.312709808,4,B,王璐卿,0,,
567095,高梅閣,Gao Meige,清,,,,,,項城,114.83288574,33.209308624,4,B,高梅阁,0,,
54788,何佩玉,He Peiyu,清,1815,1850,1815,塢霞(号) / 浣碧(号) / 琬碧(字) / 隖霞(字),詩人,歙縣,118.4339447,29.86577034,4,B,何佩玉,1,,
569508,張鳳慧,Zhang Fenghui,清,,,,筠香(字),,永嘉,120.65322113,28.018291473,4,B,张凤慧,0,,
566996,范薇,Fan Wei,清,,,,浣仙(字),,武昌,114.8799057,30.40271759,4,B,范薇,0,,
568788,王甥植,Wang Shengzhi,清,,,,伯穎(字),,江陰,120.26609039,31.908769608,4,B,王甥植,0,,
54348,宗梅,Zong Mei,清,1789,1850,1789,古雪(字),,,,,4,B,宗梅,1,,
83558,周維德,Zhou Weide,清,,1873,1817,湘湄,,山陰,120.57826233,30.004514694,4,B,周维德,1,,
54457,高順貞,Gao Shunzhen,清,,,,德華(字),,遷安,118.69151306,40.008872986,4,B,高顺贞,1,,
568181,任麗金,Ren Lijin,清,,,,璿池(字),,高密,119.75256348,36.385406494,4,B,任丽金,0,,
568431,孫芳祖,Sun Fangzu,清,,,,心蘭(字) / 越畹(号),,會稽,120.57826233,30.004514694,4,B,孙芳祖,0,,
568239,史濟莊,Shi Jizhuang,清,,,,敬之(字),,江都,119.43718719,32.391269684,4,B,史济庄,0,,
566359,秦曇,Qin Tan,明,,,,曇筠(字),,無錫,120.297668,31.574614,4,B,秦昙,0,,
122559,官連娣,Guan  Liandi,清,,,,,,,,,4,B,官连娣,1,,
55878,袁寒篁,Yuan Hanhuang,清,,,,青湘(字),,,,,4,B,袁寒篁,1,,
119210,錢宛鸞,Qian Wanluan,清,,,,卉玉(字) / 翔青(字),畫家,蘇州府,120.61862183,31.312709808,4,B,钱宛鸾,1,,
119262,萬淑修,Wan  Shuxiu,清,,,1633,宜洲(字),,銅山,117.18768311,34.269634247,4,B,万淑修,1,《清人生卒年表》第13頁，其父萬壽祺（1603-1652）。,
55186,徐淑秀,Xu Shuxiu,清,1628,1661,1628,昭陽遺孑(号),,,,,4,B,徐淑秀,1,,
56403,葉慧光,Ye Huiguang,清,,,,妙明(字) / 月中人(号),,,,,4,B,叶慧光,1,,
122477,張道介,Zhang  Daojie,清,,,,椒岑(字),,,,,4,B,张道介,1,,
566116,陳契,Chen Qi,明,,,,香石(字),,通州,120.85464478,32.010471344,4,B,陈契,0,,
122803,沈士芳,Shen Shifang,清,,,,,,,,,4,B,沈士芳,1,,
122810,許玉晨,Xu Yuchen,清,,,,雲淸(字),,,,,4,B,许玉晨,1,,
122891,唐元觀,Tang Yuanguan,清,,,1600,靜因(字),,,,,4,B,唐元观,1,,
123019,蔡翥,Cai Zhu,清,,,1656,雛文(字),,,,,4,B,蔡翥,1,,
123101,孫瑤英,Sun Yaoying,明,,,,孟芝(字),,,,,4,B,孙瑶英,1,,
123164,蓉湖女子,Ronghu Nuzi,清,,,,,,,,,4,B,蓉湖女子,1,,
56072,尹瓊華,Yin Qionghua,清,,,,秉貞(字),,,,,4,B,尹琼华,1,,
69784,莊燾,Zhuang Tao,清,,,,莊濤,,,,,4,B,庄焘,1,,
120299,李長宜,Li Changyi,清,1628,1691,1628,,,,,,4,B,李长宜,1,,
100061,范毓秀,Fan  Yuxiu,清,,,1833,,,,,,4,B,范毓秀,1,,
120594,沈湘雲,Shen  Xiangyun,清,,,,綺琴(字),,,,,4,B,沈湘云,1,,
118089,陸惠,Lu  Hui,清,,,,璞卿(字) / 陸蕙,,,,,4,B,陆惠,1,,
120863,丁靜蘭,Ding  Jinglan,清,,1860,1804,丁畹芬(别名) / 畹芬 / 靜蘭(字),貞婦/節婦 / 孝子/孝女,武進,119.95230103,31.782783508,4,B,丁静兰,1,,
76045,孫汝蘭,Sun Rulan,清,1807,1849,1807,湘笙,,魯山,112.90193939,33.737117767,4,B,孙汝兰,0,《清代人物生卒年表》定其生卒年為嘉慶12年~道光29年。 【參考《清代人物生卒年表》#6622.】 ,
120403,陳素貞,Chen Suzhen,清,,,1799,,,嘉善,120.91722107,30.843824387,4,B,陈素贞,1,,
568136,錢瑗,Qian Yuan,清,,,,浣生(字) / 玉爰(字),,昆明,102.71035004,25.045913696,4,B,钱瑗,0,,
120633,胡凱似,Hu Kaisi,清,,,,凱姒 / 靜香,,,,,4,B,胡凯似,1,,
120733,葉翰仙,Ye Hanxian,清,,,,墨君,,,,,4,B,叶翰仙,1,,
118643,嵩山女,Song Shan nv,唐,,,,,,,,,3,A/B,嵩山女,1,,
135501,范智通,Fan Zhitong,宋,,1124,1068,惟久 / 空室道人(号),,,,,3,A/B,释惟久/釋惟久,1,,
94757,程長文,Cheng Changwen,唐,,,,,詩人 / 文人,鄱陽,116.663833,28.994167,3,A/B,程長文/程长文,0,,
95210,崔鶯鶯,Cui Yingying,唐,784,,784,,詩人 / 文人,,,,3,A/B,崔莺莺/崔鶯鶯,1,,
118175,劉瑤,Liu Yao,唐,,,,劉珤(别名),詩人,,,,3,A/B,刘瑶/劉瑤,1,,
95161,王麗真,Wang Lizhen,唐,,,,,詩人,,,,3,A/B,王丽真/王麗真,1,,
118718,梁意娘,Liang  Yiniang,宋,,,,,,,,,3,A/B,梁意娘,1,,
95215,甄氏,Zhen Shi,唐,,,,甄后,詩人,,,,3,A/B,甄后,0,,
42177,何師韞,He Shiyun,宋,,,,嬾愚(号) / 季才(字),詩人,金谿,116.77626,27.910084,3,A/B,何师韫/何師韞,0,抱甕先生天裴女。,
118625,琴操,Qin cao,宋,,,,,,,,,3,A/B,琴操,1,,
118677,朱希真,Zhu  Xizhen,宋,,,,秋娘(字),,,,,3,A/B,朱希真,1,,
55000,倪仁吉,Ni Renji,清,1607,1685,1607,凝香子(号) / 心惠(字),畫家,浦江,119.88367462,29.458707809,3,B,倪仁吉,1,《清代人物生卒年表》定其生卒年為萬曆35年~康熙24年。 【參考《清代人物生卒年表》#18943.】 ,
70456,孔傳蓮,Kong Chuanlian,清,,,1686,,,,,,3,B,孔传莲,1,,
55317,孔繼坤,Kong Jikun,清,,,,芳洲(字),,,,,3,B,孔继坤,1,,
568162,錢聚瀛,Qian Juying,清,,,,斐仲(字) / 餐霞女史(号),,秀水,120.75320435,30.767469406,3,B,钱聚瀛,0,,
569922,宗慶,Zong Qing,清,,,,韻卿(字),,會稽,120.57826233,30.004514694,3,B,宗庆,0,,
567488,金芳荃,Jin Fangquan,清,,,,畹雲(字),,秀水,120.75320435,30.767469406,3,B,金芳荃,0,,
118159,葛鵶兒,Ge  Yaer,唐,,,,,詩人 / 文人,,,,3,A,葛鵶兒,1,,
118836,端淑卿,Duan  Shuqing,明,1510,1600,1510,,,,,,3,B,端淑卿,1,,
56135,葉小紈,Ye Xiaowan,清,1613,1657,1613,吳江女史(号) / 蕙綢(字),戲曲作家,吳江,120.637787,31.167065,3,B,叶小纨,1,,
123037,翁孺安,Weng Ru'an,明,,,1592,素蘭(号) / 靜和(字),,,,,3,B,翁孺安,1,,
119317,王秋英,Wang  Qiuying,清,,,,佩環(字) / 菊如(号),,,,,3,B,王秋英,1,,
566202,何瑤英,He Yaoying,明,,,,,,新會,113.038399,22.526581,3,B,何瑶英,0,,
123200,毛鈺龍,Mao  Yulong,明,,,1548,,,麻城,115.030968,31.180918,3,B,毛钰龙,1,,
118850,金文貞,Jin Wenzhen,明,,,1446,淑人(封爵),,,,,3,B,金文贞,1,,
55673,胡瑗,Hu Yuan,清,,,,畹如(字),,,,,3,B,胡瑗,1,,
568615,汪漱芳,Wang Shufang,清,,,,經佘(字),,歙縣,118.4339447,29.86577034,3,B,汪漱芳,0,,
55575,殳默,Shu Mo,清,,,1639,齋季(字),畫家,,,,3,B,殳默,1,,
54187,馬士琪,Ma  Shiqi,清,1662,1722,1662,韞雪(字) / 馬士騏(别名),,,,,3,B,马士琪,1,小黛軒論詩詩作馬士騏 ,
55130,顧姒,Gu Si,清,1662,1722,1662,啟姬(字),,,,,3,B,顾姒,1,,
56591,董白,Dong Bai,清,1624,1651,1624,小宛(字) / 青蓮,畫家,江寧府,118.76898956,32.052562714,3,B,董白,1,《清代人物生卒年表》定其生卒年為天啟4年~順治8年。 【參考《清代人物生卒年表》#22171.】 ,
55210,孔麗貞,Kong Lizhen,清,,,,蘊光(字),畫家,,,,3,B,孔丽贞,1,,
55863,方京,Fang Jing,清,,,1667,彩林(字) / 方潔(别名),,蘇州府,120.61862183,31.312709808,3,B,方京,1,,
54321,杭澄,Hang Cheng,清,1697,1765,1697,定水老人(号) / 淸之(字),,,,,3,B,杭澄,1,,
54563,鮑之蕙,Bao Zhihui,清,1757,1810,1757,仲姒(字) / 姬香 / 茝香(号),,丹徒,119.44429016,32.206489563,3,B,鲍之蕙,1,《清代人物生卒年表》定其生卒年為乾隆22年~嘉慶15年。 【參考《清代人物生卒年表》#23845.】 ,
566656,蔡桓,Cai Huan,清,,,,宣卿(字),,杭州府,120.16862488,30.294124603,3,B,蔡桓,0,,
100150,蔣佩玉,Jiang  Peiyu,清,,,1738,,,,,,3,B,蒋佩玉,1,,
55872,王瑤湘,Wang Yaoxiang,清,,,,逍遙居士(号),,,,,3,B,王瑶湘,1,,
56214,許飛雲,Xu Feiyun,清,,,,天衣(字),,吳縣,120.618622,31.31271,3,B,许飞云,1,,
54116,袁杼,Yuan Zhu,清,1726,1777,1726,靜宜(字),,,,,3,B,袁杼,1,,
70382,徐畹芝,Xu Wanzhi,清,,,,,,,,,3,B,徐畹芝,1,,
567776,劉文如,Liu Wenru,清,,,,書之(字) / 靜香居士(号),,江蘇省,120.61862183,31.312709808,3,B,刘文如,0,,
100235,唐慶雲,Tang  Qingyun,清,,,1762,古霞(字),,,,,3,B,唐庆云,1,小黛軒論詩詩作唐瓊雲。歙縣人。,
81459,陳勤,Chen Qin,清,1752,1816,1752,拙存 / 辛農,,甘泉,119.43718719,32.391269684,3,B,陈勤,1,《清代人物生卒年表》定其生卒年為乾隆17年~嘉慶21年。 【參考《清代人物生卒年表》#12931.】 ,
54444,許燕珍,Xu Yanzhen,清,1723,1795,1723,儷瓊(字) / 儼瓊(字) / 靜含(号),,,,,3,B,许燕珍,1,,
121200,項繭章,Xiang Jianzhang,清,,,1793,屏山(字) / 紃(别名) / 繭卿(号),,,,,3,B,项茧章,1,,
569689,趙純碧,Zhao Chunbi,清,,,,粹媛(字),,武進,119.95230103,31.782783508,3,B,赵纯碧,0,,
567122,龔靜儀,Gong Jingyi,清,,,,蕖仙(字),,江寧府,118.76898956,32.052562714,3,B,龚静仪,0,,
567069,傅夢瓊,Fu Mengqiong,清,,,,清漪(字),,寧都直隸州直轄地方,116.01010132,26.466514587,3,B,傅梦琼,0,,
567243,何福駿,He Fujun,清,,,,君粲(字),,靈石,111.7762146,36.842151642,3,B,何福骏,0,,
119062,丁白,Ding  Bai,清,,,,素絲(字),,,,,3,B,丁白,1,,
119040,張鴻廡,Zhang  Hongwu,清,,,1659,淑舟(字),,,,,3,B,张鸿庑,1,,
119159,許心榛,Xu Xinzhen,清,,,,山友(字),,,,,3,B,许心榛,1,,
119258,許定需,Xu Dingxu,清,,,,碩園(字),,,,,3,B,许定需,1,,
56325,徐映玉,Xu Yingyu,清,1728,1762,1728,南樓 / 若冰(字) / 香溪(号),,錢塘,120.16862488,30.294124603,3,B,徐映玉,1,《清代人物生卒年表》定其生卒年為雍正6年~乾隆27年。 【參考《清代人物生卒年表》#19377.】,
119205,錢徹,Qian Che,清,,,1538,玩塵(字) / 霞表(字),書法家 / 詩人 / 工於文,海鹽,120.93202209,30.517858505,3,B,钱彻,1,,
119224,丘瑟如,Qiu Seru,清,,,,六一(字),,,,,3,B,丘瑟如,1,,
119288,金莊,Jin  Zhuang,清,,,,子嚴(字),,,,,3,B,金庄,1,,
119295,華宜,Hua  Yi,清,,,,淑修(字),,,,,3,B,华宜,1,,
56004,黃之柔,Huang Zhirou,清,1628,1661,1628,江夏君(别名) / 玉琴(号) / 靜宜(字),詩人,歙縣,118.4339447,29.86577034,3,B,黄之柔,1,,
122414,賀潔,He Jie,明,,,,靚君(字),,,,,3,B,贺洁,1,,
566542,喻撚,Yu Nian,明,,,,惟綺(字),,吉水,115.132248,27.214367,3,B,喻撚,0,,
122377,周蕉,Zhou Jiao,清,,,,綠天(字),,,,,3,B,周蕉,1,,
122872,葉辰,Ye Chen,清,,,,龍姝(字),,,,,3,B,叶辰,1,,
122899,唐榛,Tang Zhen,清,1650,1722,1650,玉亭(字),,,,,3,B,唐榛,1,,
122904,黃淑貞,Huang Shuzhen,清,1620,1691,1620,三四(字),,,,,3,B,黄淑贞,1,,
122936,劉令右,Liu Lingyou,清,,,,伊只(字),,,,,3,B,刘令右,1,,
122945,吳榴閣,Wu Liuge,清,,,1659,允宜(字),,,,,3,B,吴榴阁,1,,
123067,吳皎臨,Wu Jiaolin,清,,,,玉樹(字),,,,,3,B,吴皎临,1,,
70182,高縏,Gao Pan,清,,,,紉蘭(字),,,,,3,B,高縏,1,,
566357,彭孫婧,Peng Sunjing,明,,,1629,孌如(字),詩人,海鹽,120.932022,30.517859,3,B,彭孙婧,0,,
120378,蔣晱,Jiang Shan,清,,,1631,,,,,,3,B,蒋晱,1,,
566367,錢潔,Qian Jie,明,,,,瑜素(字),,常熟,120.733788,31.646582,3,B,钱洁,0,,
120588,毛茂清,Mao  Maoqing,清,,,,林逸(字),,,,,3,B,毛茂清,1,,
120937,馮蘭貞,Feng  Lanzhen,清,,,1789,馨畦(字),,,,,3,B,冯兰贞,1,,
75812,許嘉儀,Xu Jiayi,清,,1879,1823,仙圃,,華亭,121.227638,31.009476,3,B,许嘉仪,0,《清代人物生卒年表》定其生卒年為？~光緒5年。 【參考《清代人物生卒年表》#6346.】 ,
120443,陳蘊蓮,Chen Yunlian,清,,,1793,慕青,,,,,3,B,陈蕴莲,1,,
70299,陳素安,Chen Su'an,清,,,1580,定林(字) / 陳素,,,,,3,B,陈素安,1,,
69492,黃蘭雪,Huang  Lanxue,清,,,,,,,,,3,B,黄兰雪,1,,
100020,倪素玉,Ni  Suyu,清,,,,,,,,,3,B,倪素玉,1,,
134836,謝道韞,Xie Daoyun,東晉,349,409,349,韜元,,,,,3,B,谢道韫,1,,
118217,天寶宮人,Tianbao  Gongren,唐,,,,,,,,,2,A/B,天宝宫人/天寶宮人,1,,
94446,黃崇嘏,Huang Chonggu,唐,,,,,詩人,臨邛,103.456825,30.41659,2,A/B,黃崇嘏/黄崇嘏,0,,
135235,張瑛,Zhang  Ying,唐,,,,張英,,,,,2,A/B,张瑛/張瑛,1,,
94678,楊氏,Yang Shi,唐,,,,越溪楊女,詩人,,,,2,A/B,越溪杨女/越溪楊女,0,,
95208,崔五嫂,Cui  Wusao,唐,,,,,詩人,,,,2,A/B,崔五嫂,0,,
118743,楚娘,Chuniang,宋,,,,,妓,,,,2,A/B,楚娘,1,,
118237,胡楚,Hu Chu,宋,,,,,詩人,,,,2,A/B,胡楚,1,,
118238,龍靚,Long Jing,宋,,,,,,,,,2,A/B,龍靚/龙靓,1,,
90000005,徐君宝妻,Xu Junbao Qi,南宋末,,,,,婚属,岳州,,,2,A/B,徐君宝妻,0,"《满庭芳》(「汉上繁华」)+《霜天晓角·蛾眉亭》。《全宋词》收徐君宝妻词;南宋末岳州徐君宝妻被元兵掳掠,题壁《满庭芳》后投水殉节。语料 A宋2+B宋2 净 2 阕。",
118679,易少夫人,Yi shao furen,宋,,,,,詩人,,,,2,A/B,易少夫人,1,,
118617,美奴,Mei  nu,宋,,,,,,,,,2,A/B,美奴,1,,
118626,聶勝瓊,Nie  Shengqiong,宋,,,,,,,,,2,A/B,聂胜琼,1,,
118355,段僧奴,Duan Sengnu,元,1355,1398,1355,段羌奴,,,,,2,B,段僧奴,1,,
90000003,丘夫人,Qiu Furen,明,,,,,"婚属(一说丘濬室,待考)",琼山,,,2,B,丘夫人,0,"《题吹弹歌舞图》二首(「谁家有女颜如玉」)。语料 B明3 行含合并行,净 2 首。⚠️存疑:CBDB 无「丘夫人」候选,丘濬(33202)妻链为金氏/吴氏,与「攀丹唐家女」之说不闭合,故不强归 CBDB,按婚属称谓建合成档,其人待考。补:《溟南诗选·闺媛诗》(1930 重刻据《广东诗海》采补;点校本页304)小传明记「丘文庄公室,攀丹唐家女……与冯汝白有嫂妹之称」,「攀丹唐氏」说获近手文献印证;与",
69939,李美儀,Li  Meiyi,清,,,1652,,,,,,2,B,李美仪,1,,
70076,陳何,Chen He,清,,,1626,,,,,,2,B,陈何,1,,
54303,惲冰,Yun Bing,清,,,1663,浩如(号) / 淸於(字) / 清于(字),詩人 / 畫家,武進,119.95230103,31.782783508,2,B,恽冰,1,,
120307,陸姮,Lu Heng,清,,,,,,,,,2,B,陆姮,1,,
134772,謝芳姿,Xie Fangzi,東晉,,,,,,,,,2,B,谢芳姿,1,,
118223,蒨桃,Qian Tao,宋,,1020,964,,詩人,,,,2,A,蒨桃,1,卒於寇準貶至嶺南途中。,
122863,劉翠翠,Liu Cuicui,明,,,,,,,,,2,B,刘翠翠,1,,
105647,徐彩鸞,Xu Cailuan,元,,1355,1299,淑和(字),,浦城,118.536255,27.924686,2,B,徐綵鸾,1,,
339332,崔公達,Cui Gongda,唐,,,,,詩人 / 文人,,,,2,B,崔公达,1,,
55516,徐元端,Xu Yuanduan,清,1644,1691,1644,延香(字) / 延香主人(号),,,,,2,B,徐元端,1,,
567723,梁指妹,Liang Zhimei,清,,,,,,高要,112.45315552,23.056921005,2,B,梁指妹,0,,
118809,馬閒卿,Ma  Xianqing,明,,,1490,芷居(字),畫家,江寧,118.76899,32.052563,2,B,马閒卿/马闲卿,1,,
123130,鄧鈴,Deng  Ling,明,,,,德和(字),,,,,2,B,邓铃,1,,
119191,張引慶,Zhang Yinqing,明,,,1589,媚姝(字),,,,,2,B,张引庆,1,,
118823,李玉英,Li  Yuying,明,,,,,,,,,2,B,李玉英,1,,
120996,邢慈靜,Xing Cijing,清,1573,,1573,一塵室(号) / 之室(号) / 蒲團主人(号) / 靜慈 / 鳴玉(号),,臨邑,116.86051941,37.191310883,2,B,邢慈静,1,,
123216,全少光,Quan  Shaoguang,未詳,,,,,,,,,2,B,全少光,1,,
118783,尹紉榮,Yin Renrong,明,,,,少君(字),,,,,2,B,尹纫荣,1,,
122661,沈紉蘭,Shen Renlan,明,,,1589,閒靚(字),,,,,2,B,沈纫兰,1,,
122516,趙麗華,Zhao Lihua,明,,,,寶英 / 燕如(字),,,,,2,B,赵丽华,1,,
119277,郝文珠,Hao  Wenzhu,明,,,,昭文(字),,,,,2,B,郝文珠,1,,
122501,素帶,Sudai,明,,,,,,,,,2,B,素带,1,,
120818,劉絮窗,Liu Xuchuang,清,,,,,,,,,2,B,刘絮窗,1,,
55134,畢著,Bi Zhu,清,1618,,1618,畢朗 / 韜文(字),收徒講學 / 武藝,歙縣,118.433945,29.86577,2,B,毕著,1,,
55959,張德蕙,Zhang Dehui,清,,,1630,楚纕(字),,山陰,120.57826233,30.004514694,2,B,张德蕙,1,,
56228,宮婉蘭,Gong Wanlan,清,,,1647,,,,,,2,B,宫婉兰,1,,
55092,侯蓁宜,Hou Zhenyi,清,1620,1661,1620,儷南(字),,,,,2,B,侯蓁宜,1,,
566350,倪宜子,Ni Yizi,明,,,,,,浦江,119.883675,29.458708,2,B,倪宜子,0,,
54966,孔素瑛,Kong Suying,清,,,,玉田(字) / 蘭齋(号),畫家,桐鄉,120.54273987,30.641677856,2,B,孔素瑛,1,,
55320,孔繼瑛,Kong Jiying,清,,,,瑤圃(字),,,,,2,B,孔继瑛,1,,
56570,孔蘭英,Kong Lanying,清,,,,,,,,,2,B,孔兰英,1,,
55920,梁頎,Liang Qi,清,,,,秀中(字) / 袖石道人(号),,,,,2,B,梁颀,1,,
55393,李文慧,Li Wenhui,清,,,,亦士(字) / 瑞之(号),,,,,2,B,李文慧,1,,
55679,謝秀孫,Xie Xiusun,清,1628,1681,1628,季蘭(字) / 湘沚(字),,,,,2,B,谢秀孙,1,,
56674,張似誼,Zhang Siyi,清,,,1702,鸞賓(字),畫家,桐城,116.93860626,31.052280426,2,B,张似谊,1,,
55774,曹錫淑,Cao Xishu,清,1692,1765,1692,曹延齡(别名) / 采荇(字),,上海,121.486763,31.22442627,2,B,曹锡淑,1,《清代人物生卒年表》定其生卒年為康熙48年~乾隆8年。 【參考《清代人物生卒年表》#21226.】 ,
69552,宋景衛,Song Jingwei,清,,,,,貞婦/節婦,,,,2,B,宋景卫,1,,
54541,鮑之蘭,Bao Zhilan,清,1736,1795,1736,畹芬(字) / 畹芳(字),,丹徒,119.44429016,32.206489563,2,B,鲍之兰,1,《清代人物生卒年表》定其生卒年為乾隆16年~嘉慶17年。 【參考《清代人物生卒年表》#23842.】 《清人詩文集搃目提要》定其生卒年為乾隆二十二年-嘉慶十五年（1757-1810）【參考《清人詩文集搃目提要》934頁.】,
56239,杭溫如,Hang Wenru,清,,,,玉輝(字),,,,,2,B,杭温如,1,,
121668,戴佩荃,Dai  Peiquan,清,,,1769,春亭(号) / 蘋南(字),,歸安,120.09931183,30.864963531,2,B,戴佩荃,1,,
55688,施坤,Shi Kun,清,,,,資生(字),,,,,2,B,施坤,1,,
69674,鄭金鑾,Zheng Jinluan,清,,,1730,殿仙(字),,,,,2,B,郑金銮,1,,
567143,顧有容,Gu Yourong,清,,,,香圃(字),,蘇州府,120.61862183,31.312709808,2,B,顾有容,0,,
55503,張學儀,Zhang Xueyi,清,1649,,1649,古容(字),,,,,2,B,张学仪,1,,
120657,段馴,Duan  Xun,清,,,1769,淑齋(字),,,,,2,B,段驯,1,,
55946,韓鸞儀,Han Luanyi,清,1758,1796,1758,隱霄(字),,,,,2,B,韩鸾仪,1,,
70032,王玉燕,Wang Yuyan,清,,,1790,玳梁(字),,,,,2,B,王玉燕,1,,
569153,謝雪,Xie Xue,清,,,,月莊(字),,長洲,120.618622,31.31271,2,B,谢雪,0,,
121920,汪嫈,Wang  Ying,清,,,1773,雅安(字),詩人 / 貞婦/節婦,歙縣,118.4339447,29.86577034,2,B,汪嫈,1,,
56508,李如蕙,Li Ruhui,清,,,,桂泉(字) / 桂泉女史(号),,,,,2,B,李如蕙,1,,
54658,帥翰階,Shuai Hanjie,清,1755,1795,1755,蘭娟(字),,,,,2,B,帅翰阶,1,,
118592,齊祥棣,Qi  Xiangdi,清,,,1803,,,,,,2,B,齐祥棣,1,,
566762,陳寶四,Chen Baosi,清,,,,箴史(字),,溫州府,120.65322113,28.018291473,2,B,陈宝四,0,,
121109,孫佩蘭,Sun Peilan,清,1826,,1826,譜香,,,,,2,B,孙佩兰,1,孫佩蘭弟孫詒經的生年是道光六年，故定孫佩蘭的生年在道光六年之前。,
569311,姚玉芝,Yao Yuzhi,清,,,,漱芳(字),,杭州府,120.16862488,30.294124603,2,B,姚玉芝,0,,
567039,方毓昭,Fang Yuzhao,清,,,,煙霞內史(号) / 雲軒(字),,懷寧,117.0346756,30.512294769,2,B,方毓昭,0,,
119163,許心檀,Xu Xintan,清,,,,阿蘇(字),,,,,2,B,许心檀,1,,
119183,錢和,Qian He,清,,,,百宜(字),,,,,2,B,钱和,1,,
119185,王仙媛,Wang  Xianyuan,清,,,,,,,,,2,B,王仙媛,1,,
119226,方笙,Fang  Sheng,清,,,1658,豫賓(字),,,,,2,B,方笙,1,,
119231,林綠,Lin  Lv,清,,,,映山(字),,,,,2,B,林绿,1,,
55807,吳文柔,Wu Wenrou,清,,,1633,昭質(字),,,,,2,B,吴文柔,1,,
70234,堵霞,Du Xia,清,,,,綺齋(字) / 蓉湖女士(号),畫家,,,,2,B,堵霞,1,,
119248,嚴淑珍,Yan  Shuzhen,清,,,1746,靜儀(字),,,,,2,B,严淑珍,1,,
119255,顧樹芬,Gu  Shufen,清,,,,春榮(字),,,,,2,B,顾树芬,1,,
119257,陸幽光,Lu  Youguang,明,,,,夢珠 / 孟珠(字) / 紅衲道人(号) / 蛾壑(号),,,,,2,B,陆幽光,1,,
119301,鄧太妙,Deng  Taimiao,清,1620,1661,1620,玉華(字),,,,,2,B,邓太妙,1,,
122401,華慧空,Hua  Huikong,清,,,1721,貞素(字),,,,,2,B,华慧空,1,,
122494,倪小,Ni  Xiao,清,,,1648,茁姑(字),,,,,2,B,倪小,1,,
122452,王曇影,Wang Tanying,清,,,,文娟(字),畫家,蘭溪,119.478851,29.204453,2,B,王昙影,1,,
122777,胡紉蓀,Hu Rensun,清,,,,谷芳(字),,,,,2,B,胡纫荪,1,,
122861,韓智玥,Han Zhiyue,清,,,1610,潔存(字),,,,,2,B,韩智玥,1,,
122875,葉文,Ye Wen,清,,,,,,,,,2,B,叶文,1,,
122982,倪瑞,Ni Rui,清,,,,文嘉(字),,,,,2,B,倪瑞,1,,
95364,孫蕙媛,Sun Huiyuan,清,,,,靜畹(字),,,,,2,B,孙蕙媛,1,,
123104,吳靜閨,Wu Jinggui,清,,,,珮典(字),,,,,2,B,吴静闺,1,,
123112,席瑤林,Xi Yaolin,清,,,,素光(字),,,,,2,B,席瑶林,1,,
123115,胡玉鶯,Hu Yuying,清,,,,,,,,,2,B,胡玉莺,1,,
123121,任淑儀,Ren Shuyi,清,,,1679,,,,,,2,B,任淑仪,1,,
123139,黃蓼鴻,Huang Liaohong,清,,,,,,,,,2,B,黄蓼鸿,1,,
123145,錢慧珠,Qian Huizhu,清,,,,,,,,,2,B,钱慧珠,1,,
120329,程茯娥,Cheng Fue,清,,,,程伏娥 / 蓮村(字),,,,,2,B,程茯娥,1,小黛軒論詩詩作程伏娥。 ,
70009,沈友琴,Shen Youqin,清,,,1651,參荇(字),,,,,2,B,沈友琴,1,,
77986,李端生,Li Duansheng,清,1662,1689,1662,五絲,,邠縣,,,2,B,李端生,1,《清代人物生卒年表》定其生卒年為康熙1年~康熙28年。 【參考《清代人物生卒年表》#8905.】 ,
120404,許傳媯,Xu Chuangui,清,,,,虞姝(字),,,,,2,B,许传妫,1,,
56461,吳規臣,Wu Guichen,清,,,,蜚卿(字) / 飛卿(字),,,,,2,B,吴规臣,1,,
54766,席慧文,Xi Huiwen,清,,,,印蒼(号) / 怡珊(字),,,,,2,B,席慧文,1,,
55827,鮑靚,Bao Jing,清,,,,玉士(字),,,,,2,B,鲍靓,1,,
70280,董琬貞,Dong Wanzhen,清,,,1781,容壺(字) / 蓉湖(号) / 雙湖(字),,,,,2,B,董琬贞,1,,
120572,袁淑,Yuan  Shu,清,,,1776,疏筠(字),,,,,2,B,袁淑,1,,
120654,呂承婍,Lu Chengqi,清,,,1808,子奇(字),,,,,2,B,吕承婍,1,,
54558,楊瑾華,Yang Jinhua,清,,,1826,映蟾(字),,,,,2,B,杨瑾华,1,,
54556,楊璿華,Yang Xuanhua,清,1851,1908,1851,楊瑄華 / 蘊萼(字),,,,,2,B,杨璿华,1,,
70697,丁善儀,Ding Shanyi,清,1799,,1799,芝仙,,無錫,120.29766846,31.574613571,2,B,丁善仪,0,《清代人物生卒年表》定其生卒年為嘉慶4年~？。 【參考《清代人物生卒年表》#163.】 ,
566944,丁淑媛,Ding Shuyuan,清,,,,瑤真(字),,無錫,120.297668,31.574614,2,B,丁淑媛,0,,
118116,王謝,Wang  Xie,清,,,,絮卿(字),,,,,2,B,王谢,1,,
120228,許希瓊,Xu Xiqiong,清,,,,佩蘭(字),,吳縣,120.618622,31.31271,2,B,许希琼,1,,
120231,曹佩英,Cao Peiying,清,,,1800,小琴(字),,長洲,120.618622,31.31271,2,B,曹佩英,1,,
55427,葉俊傑,Ye Junjie,清,,,,柏芳(字),,江夏,114.31919098,30.541385651,2,B,叶俊杰,1,,
120461,陳愛真,Chen Aizhen,清,,,1775,,,,,,2,B,陈爱真,1,,
70017,黃玉潤,Huang Yurun,清,,,,連城(字),,,,,2,B,黄玉润,1,,
120707,陳芳藻,Chen Fangzao,清,,,,瑞芝(字),,祁陽,111.855896,26.591691971,2,B,陈芳藻,1,,
120720,支機,Zhi Ji,清,,,1811,靈石(字),,寶山,121.48733521,31.407932281,2,B,支机,1,,
120727,鄭蓮孫,Zheng Liansun,清,,,,佩香(字),,,,,2,B,郑莲孙,1,,
100076,丁采芝,Ding Caizhi,清,1796,1850,1796,,,,,,2,B,丁采芝,1,,
73477,包韞珍,Bao Yunzhen,清,,1854,1798,亭玉 / 包蘊貞(别名) / 菊籬,,錢塘,120.16862488,30.294124603,2,B,包韫珍,0,《清代人物生卒年表》定其生卒年為？~咸豐4年。 【參考《清代人物生卒年表》#3606.】 ,
54877,陸韻梅,Lu Yunmei,清,1808,1878,1808,琇卿(字),,吳縣,120.618622,31.31271,2,B,陆韵梅,1,《清代人物生卒年表》定其生卒年為？~光緒4年。 【參考《清代人物生卒年表》#12713.】 ,
120683,陳作芝,Chen Zuozhi,清,,,1848,秀生,,,,,2,B,陈作芝,1,,
56714,汪璀,Wang Cui,清,,,1725,璀第(字),,,,,2,B,汪璀,1,,
43926,萧瑟瑟,Xiao Sese,遼,,1121,1065,文妃 / 瑟瑟(小字),,,,,2,B,萧瑟瑟,1,,
566828,陈莹英,Chen Yingying,清,,,,端文(字),闺秀,临桂,,,2,C,,0,"陈莹英,字端文,清代广西临桂人,东阁大学士陈宏谋女。诗见《三管英灵集》(清·梁章鉅辑)卷五十一「闺秀」。CBDB 566828(陈莹英,女·清,别名端文)。",1
31066,長孫氏(李世民妻),Zhangsun Shi (Wife of Li Shimin),唐,601,636,601,文德皇后(谥号),[皇后],長安,108.906976,34.246423,1,A/B,文德皇后,1,"CHangsun(1) Huanghou [31066] XTS, 51.1327-1328. ",
93925,楊宜芬,Yang  Yifen,唐,,745,689,宜芬公主,詩人,,,,1,A/B,宜芬公主,0,《唐代人物知識ベース》記其生卒年為：不明 - 745. 名不詳，權以官名為名。,
93183,楊容華,Yang Ronghua,唐,,,,,詩人,華陰,110.089363,34.56831,1,A/B,杨容华/楊容華,1,,
118195,七歲女子,Qisui  nv zi,唐,686,741,686,,,,,,1,A/B,七岁女子/七歲女子,1,,
135226,楊德麟,Yang  Delin,唐,,,,,詩人,,,,1,A/B,杨德麟/楊德麟,1,,
95078,薛瑤,Xue Yao,唐,,693,637,,詩人,新羅,,,1,A/B,薛瑤/薛瑶,0,《唐代人物知識ベース》記其生卒年為：不明 - 693.,
92678,劉淑柔,Liu Shurou,唐,,,,,詩人,,,,1,A/B,刘淑柔/劉淑柔,1,,
94011,趙虛舟,Zhao Xuzhou,唐,,,,,詩人,,,,1,A/B,赵虚舟/趙虛舟,1,,
94683,葛氏,Ge Shi,唐,,,,葛氏女,詩人,,,,1,A/B,葛氏女,0,,
118636,京兆女子,Jingzhao nv zi,唐,,,,,,,,,1,A/B,京兆女子,1,,
90000006,湘驿女子,Xiangyi Nuzi,唐,,,,,佚名,,,,1,A/B,湘驛女子/湘驿女子,0,"《题玉泉溪》(「红叶醉秋色」)。《全唐诗》署「湘驿女子」,仅以驿名题署传世,无可归个人姓名。语料 A唐1+B唐1 净 1 首。",
93669,李弄玉,Li Nongyu,唐,,,,若耶溪女子,,越州,120.578262,30.004515,1,A/B,若耶溪女子,1,,
118644,曹文姬,Cao  Wenji,唐,,,,書仙(别名),書法家 / 詩人,長安,108.906976,34.246423,1,A/B,曹文姬,1,,
118650,武昌妓,Wuchangji,唐,,,,,,,,,1,A/B,武昌妓,1,,
95018,顏令賓,Yan Lingbin,唐,,,,,詩人,,,,1,A/B,顏令賓/颜令宾,1,,
95206,戚逍遙,Qi Xiaoyao,唐,,,,,詩人,南宮,115.366998,37.365629,1,A/B,戚逍遙/戚逍遥,0,,
93231,吳彩鸞,Wu Cailuan,唐,,,,,詩人,,,,1,A/B,吳彩鸞/吴彩鸾,1,,
52515,韓玉父,Han Yufu,宋,,,,韓玉真,,秦州,105.71695709,34.585472107,1,A/B,韓玉父/韩玉父,1,,
690416,鄭惠真,Zheng Huizhen,元,1222,1306,1222,,,,,,1,A/B,郑惠真/鄭惠真,0,,
122367,暨氏女,Ji Shi n&uuml;,元,,,,,,,,,1,A/B,暨氏女,1,,
90000004,郭晖妻,Guo Hui Qi,南宋,,,,,婚属,,,,1,A/B,郭晖妻/郭暉妻,0,"《答外》(「碧纱窗下启缄封」)。《全宋诗》署郭暉妻,仅以丈夫郭晖婚属称谓传世。语料 A宋1+B宋1 净 1 首。⚠️CBDB 有同名男性郭暉,不可误归。",
118672,金麗卿,Jin  Liqing,宋,,,,,詩人,,,,1,A/B,金丽卿/金麗卿,1,,
118660,林杜孃,Lin  Duniang,宋,,,,,,,,,1,A/B,林杜娘,1,,
118737,華春娘,Hua  Chunniang,宋,,,,,,,,,1,A/B,华春娘/華春娘,1,,
118719,王瓊奴,Wang  Qiongnu,宋,,,,,,,,,1,A/B,王琼奴/王瓊奴,1,,
135508,謝金蓮,Xie Jinlian,宋,,,,素秋(字),妓,,,,1,A/B,謝金蓮/谢金莲,1,,
118754,朱逸仙,Zhu  Yixian,宋,,,,,,,,,1,A/B,朱逸仙,1,,
5011,王文淑,Wang Wenshu,宋,,,1023,,[妻] / [母],臨川,116.351341,27.984781,1,A/B,王文淑,0,"Wang(2) Wenshu [5011] Wang Anshi, WJ, 99.1021. CBD, 3, 2254. ",
118235,周韶,Zhou  Shao,宋,,,,,詩人,,,,1,A/B,周韶,1,,
118747,蘇小娟,Su Xiaojuan,宋,,,,,妓,,,,1,A/B,苏小娟/蘇小娟,1,,
572592,計法真,Ji Fazhen,宋,,,,秦國太夫人(赐号),,,,,1,A/B,計法真/计法真,0,,
118632,陳鳳儀,Chen  Fengyi,宋,,,,,,,,,1,A/B,陈凤仪,1,,
118628,蜀中妓,Shu  zhong ji,宋,,,,,,,,,1,A/B,蜀中妓,1,,
118635,袁正真,Yuan Zhengzhen,宋,,,,,,,,,1,A/B,袁正真,1,,
118621,金德淑,Jin  Deshu,宋,,,,,,,,,1,A/B,金德淑,1,宋宫人，入元歸章邱李生。 ,
122298,蘇小小,Su  Xiaoxiao,宋,,,,,,,,,1,A/B,苏小小,1,,
118682,梅嬌,Meijiao,宋,,,1157,,詩人,,,,1,A/B,梅娇,1,,
122517,杏俏,Xingqiao,宋,,,1157,杏倩,,,,,1,A/B,杏俏,1,,
118629,玉英,Yu ying,宋,,,,,,,,,1,A/B,玉英,1,,
122244,幼卿,Youqing,宋,,,,,,,,,1,A/B,幼卿,1,,
118745,趙才卿,Zhao  Caiqing,宋,,,,,妓,,,,1,A/B,赵才卿,1,,
135306,僧兒,Senger,宋,,,,,,,,,1,A/B,僧儿,1,,
92720,江采蘋,Jiang Caiping,唐,,756,700,梅妃 / 江妃,工於文,莆田,119.011101,25.433954,1,A,江妃,1,《唐代人物知識ベース》記其生卒年為：不明 - 756?. ,
94456,蕭氏(李伯良妻),Xiao Shi (Wife of Li Boliang),唐,,,,蕭妃,詩人,,,,1,A,蕭妃,1,,
118638,吳二娘,Wu  Erniang,唐,,,,,,,,,1,A,吳二娘,1,,
42789,周仲美,Zhou Zhongmei,宋,,,,,詩人,成都府,104.0779953,30.650384903,1,A,周仲美,1,,
118753,平江妓,Pingjiang  ji,宋,,,,,妓,,,,1,A,平江妓,1,,
118725,張瓊英,Zhang  Qiongying,宋,,,,,,,,,1,A,张琼英,1,,
107393,曹妙清,Cao Miaoqing,元,,,,比玉(字) / 雪齋(号),詩人 / 精於某種樂器,錢塘,120.168625,30.294125,1,B,曹妙清,1,,
110224,管道杲,Guan Daogao,元,,,,,,烏程,120.099312,30.864964,1,B,管道杲,0,,
100300,万俟蕙柔,Moqi Huirou,元,,,,,,,,,1,B,万俟蕙柔,1,,
118674,杜氏婦,Du Shi fu,宋,,,,,,,,,1,B,杜氏妇,1,,
108407,陸蕙奴,Lu Huinu,元,,,,,,錢塘,120.168625,30.294125,1,B,陆蕙奴,1,,
104948,胡妙端,Hu Miaoduan,元,,1360,1304,,,嵊縣,120.815277,29.58749,1,B,胡妙端,1,,
118286,梅花尼,Meihua  ni,元,,,,,,,,,1,B,梅花尼,1,,
107033,張妙淨,Zhang Miaojing,元,,,,惠蓮(字) / 自然道人(号),詩人,錢塘,120.168625,30.294125,1,B,张妙净,1,,
135638,韓蘭英,Han Lanying,南齊,,,,韓公(号),,,,,1,B,韩兰英,1,,
134692,包明月,Bao Mingyue,南梁,,,,,,,,,1,B,包明月,1,,
134673,陳少女,Chen shaonv,陳,,,,,,,,,1,B,陈少女,1,,
118148,光威裒,Guang Weipou,唐,,,,,,,,,1,B,光威裒,1,,
93347,宋若昭,Song Ruozhao,唐,,825,769,,詩人 / 工於文,清陽,115.586137,37.083669,1,B,宋若昭,1,《唐代人物知識ベース》pers01723，記其生卒年為：不明 - 825. ,
566167,馮小青,Feng Xiaoqing,明,,,,馮玄玄(别名),,揚州府,119.43718719,32.391269684,1,B,冯小青,0,,
566224,季貞一,Ji Zhenyi,明,,,,,,常熟,120.733788,31.646582,1,B,季贞一,0,,
123391,袁彤芳,Yuan  Tongfang,明,,,,履貞(字) / 廣寒仙客,詩人,吳縣,120.618622,31.31271,1,B,袁彤芳,1,,
80875,張鴻逑,Zhang Hongqiu,清,1631,,1631,琴友,,慈溪,121.44419861,29.979194641,1,B,张鸿逑,1,《清代人物生卒年表》定其生卒年為崇禎4年~？。 【參考《清代人物生卒年表》#12252.】 ,
566618,朱盛藻,Zhu Shengzao,明,,,,瓊蕤(字),,黃州府,114.86549377,30.446989059,1,B,朱盛藻,0,,
123022,郭㻬,Guo  Tu,未詳,,,,𤧉汝(字),畫家,長洲,120.618622,31.31271,1,B,郭㻬,1,,
118839,馬守貞,Ma Shouzhen,明,1548,1604,1548,月嬌(字) / 湘蘭(号) / 湘蘭子(号),畫家,,,,1,B,马守贞,1,,
566099,白旃香,Bai Zhanxiang,明,,,,西來(字),,休寧,118.17577362,29.781190872,1,B,白旃香,0,,
122435,鄭如英,Zheng Ruying,明,,,,如美(字) / 鄭妥(别名) / 鄭無美(别名),,,,,1,B,郑妥,1,,
566114,陳冉,Chen Ran,明,,,,月素(字) / 畹芳(号),,湖北分守道,,,1,B,陈冉,0,,
566212,花夢月,Hua Mengyue,明,,,,紅兒(字),,河陽,102.91121674,24.673196793,1,B,花梦月,0,,
566143,頓文,Dun Wen,明,,,,少文(字),,南京,118.76898956,32.052562714,1,B,顿文,0,,
123323,王賽玉,Wang Saiyu,明,,,,儒卿(字) / 文卿(字),,,,,1,B,王赛玉,1,,
122374,呼舉,Hu Ju,明,,,,文淑(字) / 素蟾(号),,江夏,114.306655,30.57367,1,B,呼举,1,,
566396,蘇世讓,Su Shirang,明,,,,,,朝鮮,,,1,B,苏世让,0,,
566379,鎖懋堅,Suomaojian,明,,,,,,,,,1,B,锁懋坚,0,,
566588,鄭婉娥,Zheng Wane,明,,,,,,,,,1,B,郑婉娥,0,,
566719,陳湘,Chen Xiang,清,,,,韻蘭(字),,,,,1,B,陈湘,0,,
566298,林瑞鸞,Lin Ruiluan,明,,,,,,瓊山,110.357941,20.008165,1,B,林瑞鸾,0,,
119084,徐亞長,Xu  Yachang,明,,,,,,,,,1,B,徐亚长,1,,
566297,林淑溫,Lin Shuwen,明,,,,,,瓊山,110.357941,20.008165,1,B,林淑温,0,,
566106,蔡平娘,Cai Pingniang,明,,,,,,潮州府,116.63665771,23.667705536,1,B,蔡平娘,0,,
568754,王素雲,Wang Suyun,清,,,,,,清遠,113.02213287,23.720727921,1,B,王素云,0,,
568688,王玉清,Wang Yuqing,清,,,,,,廣州府,113.25606537,23.134624481,1,B,王玉清,0,,
566174,辜蘭凰,Gu Lanhuang,明,,,,,,海陽,116.636658,23.667706,1,B,辜兰凰,0,,
567623,李瓊貞,Li Qiongzhen,清,,,,,,大埔,116.68544006,24.517745972,1,B,李琼贞,0,,
567525,孔少娥,Kong Shaoe,清,,,,文淑(字),,歸善,114.44837952,23.095235825,1,B,孔少娥,0,,
54633,楊舫,Yang Fang,清,1795,1850,1795,小橋(字),,湖口,116.21801758,29.734992981,1,B,杨舫,1,《清代人物生卒年表》定其生卒年為乾隆60年~道光30年。 【參考《清代人物生卒年表》#7213.】 ,
118779,陳德懿,Chen  Deyi,明,,,,,,,,,1,B,陈德懿,1,,
122831,安福郡主,Anfu jun zhu,明,,,1458,,,,,,1,B,安福郡主,1,,
118927,武定橋烈婦,Wudingqiao lie fu,明,,,,,,,,,1,B,武定桥烈妇,1,,
118790,鄒賽貞,Zou Saizhen,明,,,1444,士齋(号),,,,,1,B,邹赛贞,1,,
56625,林玉衡,Lin Yuheng,清,,,1576,,,,,,1,B,林玉衡,1,,
134855,江西婦女,Jiangxi fu nv,未詳,,,,,,,,,1,B,江西妇女,1,,
122139,嘉定婦,Jia  Dingfu,明,,,,,,,,,1,B,嘉定妇,1,,
122672,黃雙蕙,Huang Shuanghui,明,,,1601,柔嘉(字),,,,,1,B,黄双蕙,1,,
56133,沈智瑤,Shen Zhiyao,明,,,1592,少君(字),,,,,1,B,沈智瑶,1,,
122018,孫瑤華,Sun  Yaohua,清,,,,靈光(字),,,,,1,B,孙瑶华,1,,
123178,梅生,Meisheng,明,,,,,,麻城,115.030968,31.180918,1,B,梅生,1,,
122227,張回,Zhang  Hui,未詳,,,,淵如(字),,,,,1,B,张回,1,,
122423,楊玉香,Yang Yuxiang,明,,,,,,,,,1,B,杨玉香,1,,
338272,雲貞,Yunzhen,未詳,,,,,,,,,1,B,云贞,0,,
338273,周貞環,Zhou  Zhenhuan,未詳,,,,,,,,,1,B,周贞环,0,,
56533,吳靜婉,Wu Jingwan,清,,,,曇道人(号),道士 / 詩人,金壇,119.57061768,31.74697876,1,B,吴静婉,1,,
90000012,班婕妤,Ban Jieyu,汉,,,,,妃嫔,,,,1,B,班婕妤,0,"《怨诗》(一作《怨歌行》,「新裂齐纨素」)。语料 B汉1 净 1 首。西汉成帝妃嫔(倢伃为宫中位号,名不传),《汉书·外戚传》有传(载其作赋自伤,未及此诗)。⚠️归属存疑如实标注:《文选》卷二十七收此篇题班婕妤,注已言「古辞。然言古者有此曲,而班婕妤拟之」,归属六朝即有异说;据《文选》所载归档,如实标注、不作确证。CBDB 无档,建合成档。",
135318,王嬙,Wang Qiang,西漢,,,,昭君(字),,,,,1,B,王嫱,1,,
135005,劉細君,Liu Xijun,西漢,-121,-100,-121,右夫人,,,,,1,B,刘细君,1,,
135094,徐淑,Xu Shu,東漢,,,,,,,,,1,B,徐淑,1,,
134987,戚氏(劉邦妾),Qi Shi (Concubine of Liu Bang),西漢,,,-253,戚夫人(别名) / 戚姬(别名),,,,,1,B,戚夫人,1,,
134999,某氏(劉旦妻),Mou Shi (Wife of Liu Dan),西漢,,,-123,華容夫人(别名),,,,,1,B,华容夫人,1,,
90000002,唐姬,Tang Ji,东汉,,,,弘农王妃,姬,颍川郾县,,,1,B,唐姬,0,"《后汉书·皇后纪下》载董卓鸩杀弘农王刘辩,刘辩与妻唐姬诀别令其起舞作《起舞歌》(「皇天崩兮后土颓」),后献帝拜为弘农王妃。语料 B汉1 净 1 首。CBDB 无档。",
95403,陳淑蘭,Chen Shulan,清,1766,1820,1766,,,,,,1,B,陈淑兰,1,,
567735,林頎,Lin Qi,清,,,,佩環(别名),,宛平,116.36800385,39.931427002,1,B,林颀,0,,
55941,祁德淵,Qi Deyuan,清,,,1630,弢英(字),,山陰,120.57826233,30.004514694,1,B,祁德渊,1,,
54976,方維則,Fang Weize,清,1585,1668,1585,季準(字),,桐城,116.93860626,31.052280426,1,B,方维则,1,亦可參考MQWW PoetID #5165 據明清婦女數據庫MQWW PoetID #510，方維則是方維儀妹，故定其生年為1585年之後。又據朱彝尊《靜志居詩話》卷二十三，方維則八十四歲去世，故定其卒年為1668年之後。,
56616,葉寶林,Ye Baolin,清,,,1613,,詩人,餘姚,121.15276337,30.049066544,1,B,叶宝林,1,,
54858,徐文琳,Xu Wenlin,清,,1666,1610,,,,,,1,B,徐文琳,1,,
55054,錢敬淑,Qian Jingshu,清,1596,1661,1596,,,,,,1,B,钱敬淑,1,,
69696,夏沚,Xia Zhi,清,,,,湘友(字),畫家,,,,1,B,夏沚,1,,
55703,彭孫倩,Peng Sunqian,清,1628,1691,1628,孌如(字),,,,,1,B,彭孙倩,1,,
54166,柴貞儀,Chai Zhenyi,清,1644,1722,1644,如光(字),畫家,仁和,120.16862488,30.294124603,1,B,柴贞仪,1,,
55995,葉枌,Ye Fen,清,,,,小鳳(字) / 葉梤,,,,,1,B,叶枌,1,,
70205,陸莘行,Lu Xinxing,清,,,1643,纉任(字),,,,,1,B,陆莘行,1,,
55658,孫淑,Sun Shu,清,,,,靜谷(字),,,,,1,B,孙淑,1,,
56253,王飛瓊,Wang Feiqiong,清,,,,,,,,,1,B,王飞琼,1,,
56774,孔淑成,Kong Shucheng,清,,,,,,,,,1,B,孔淑成,1,,
70092,孔昭蕙,Kong Zhaohui,清,,,,樹香(字),,,,,1,B,孔昭蕙,1,,
56634,徐元象,Xu Yuanxiang,清,,,,奇孺(字),,廣濟,115.591202,30.136482,1,B,徐元象,1,,
55822,陳靜淵,Chen Jingyuan,清,,,1707,鳳臺,,,,,1,B,陈静渊,1,,
55034,黃幼蘩,Huang Youfan,清,,,,漢宮(字),,,,,1,B,黄幼蘩,1,,
55330,韓韞玉,Han Yunyu,清,1662,1722,1662,,,長洲,120.618622,31.31271,1,B,韩韫玉,1,,
70345,陳克毅,Chen Keyi,清,,,1698,,,,,,1,B,陈克毅,1,,
568917,吳彩霞,Wu Caixia,清,,,,,,無錫,120.297668,31.574614,1,B,吴彩霞,0,,
55871,楊珊珊,Yang Shanshan,清,,,1699,珮聲(字),,蘇州府,120.61862183,31.312709808,1,B,杨珊珊,1,,
69536,葉令嘉,Ye  Lingjia,清,,,1760,,,,,,1,B,叶令嘉,1,,
69538,葉令昭,Ye Lingzhao,清,,,1745,,,,,,1,B,叶令昭,1,,
54386,周星薇,Zhou Xingwei,清,,,,,,,,,1,B,周星薇,1,,
54524,何若瓊,He Ruoqiong,清,1766,1820,1766,閬霞(字),,,,,1,B,何若琼,1,,
70189,陳瓊茝,Chen Qiongchai,清,,,,芳余(字),,,,,1,B,陈琼茝,1,,
121687,戴佩蘅,Dai Peiheng,清,,,,蘊芬(字),,歸安,120.09931183,30.864963531,1,B,戴佩蘅,1,,
69904,李筠仙,Li Yunxian,清,,,,,,,,,1,B,李筠仙,1,,
119309,莊素馨,Zhuang Suxin,清,1768,1787,1768,少青(字) / 莊素磐(别名),詩人,蘇州府,120.61862183,31.312709808,1,B,庄素磐,1,,
567801,劉希班,Liu Xiban,清,,,,,,長治,113.10348511,36.18353653,1,B,刘希班,0,,
122088,朱滿娘,Zhu Manniang,清,,,1696,月上(字),,,,,1,B,朱满娘,1,,
70461,佟素衡,Tong Suheng,清,,,,,,,,,1,B,佟素衡,1,,
69672,鄭雲蔭,Zheng Yunyin,清,,,1730,綠菭(字),,,,,1,B,郑云荫,1,,
69668,鄭青蘋,Zheng Qingping,清,,,1730,花汀(字),,,,,1,B,郑青蘋,1,,
56174,汪瑤,Wang Yao,清,,,,雲上(字),,,,,1,B,汪瑶,1,,
54334,潘素心,Pan Suxin,清,1764,1840,1764,若耶女史(号) / 虛白(字),,會稽,120.57826233,30.004514694,1,B,潘素心,1,《清代人物生卒年表》定其生卒年為乾隆29年~？。 【參考《清代人物生卒年表》#24695.】 卒年依據陳國治編著《紹興名媛傳略》299頁。 ,
56147,許孟昭,Xu Mengzhao,清,,,,景班(字),,,,,1,B,许孟昭,1,,
100234,金兌,Jin  Dui,清,,,,湘芷(号) / 說之(字),,,,,1,B,金兑,1,,
568182,任浣花,Ren Huanhua,清,,,,任湘芝(别名),,無錫,120.297668,31.574614,1,B,任浣花,0,,
55501,張學魯,Zhang Xuelu,清,1628,1661,1628,古史(字),,,,,1,B,张学鲁,1,張學魯排行第二，四妹學典生於順治四年。故定張學魯的生年為順治四年之前。 ,
83057,金禮嬴,Jin Liying,清,1771,1806,1771,五雲 / 昭明閣女史 / 雲門(号),,山陰,120.57826233,30.004514694,1,B,金礼嬴,1,《清代人物生卒年表》定其生卒年為乾隆36年~嘉慶11年。 【參考《清代人物生卒年表》#14776.】 ,
118015,劉蘩榮,Liu Fanrong,清,,,1781,涧芳(字),,,,,1,B,刘蘩荣,1,,
567902,盧碧筠,Lu Biyun,清,,,,,,成都,104.0779953,30.650384903,1,B,卢碧筠,0,,
69954,錢惠尊,Qian  Huizun,清,1792,1817,1792,詵宜,,陽湖,119.95230103,31.782783508,1,B,钱惠尊,1,《清代人物生卒年表》定其生卒年為乾隆34年~道光26年。 【參考《清代人物生卒年表》#18875.】 ,
70424,張敬庵,Zhang Jing'an,清,,,,,,,,,1,B,张敬庵,1,,
54725,蔣徽,Jiang Hui,清,1766,1821,1766,琴香(字) / 石溪漁婦(号),畫家,,,,1,B,蒋徽,1,,
567950,馬繡吟,Ma Xiuyin,清,,,,,,銅山,117.18768311,34.269634247,1,B,马绣吟,0,,
54797,何佩珠,He Peizhu,清,1819,1850,1819,天都女史(号) / 芷香(字),,,,,1,B,何佩珠,1,,
567588,李心慧,Li Xinhui,清,,,,,,揚州府,119.43718719,32.391269684,1,B,李心慧,0,,
568682,王允執,Wang Yunzhi,清,,,,善花女史(号) / 舜華(字),,嘉善,120.91722107,30.843824387,1,B,王允执,0,,
118070,許學衛,Xu Xuewei,清,,,,蘭猗(字),,,,,1,B,许学卫,1,,
569206,嚴曇雲,Yan Tanyun,清,,,,,,常熟,120.733788,31.646582,1,B,严昙云,0,,
118095,陳文瑛,Chen  Wenying,清,,,1818,素珍(字),,,,,1,B,陈文瑛,1,,
568167,全璞,Quan Pu,清,,,,輝山(号),,江西省,115.89772034,28.67489624,1,B,全璞,0,,
567502,金鴻佶,Jin Hongji,清,,,,,,秀水,120.75320435,30.767469406,1,B,金鸿佶,0,,
567540,勞淑靜,Lao Shujing,清,,,,岫娛(字),,善化,112.97813416,28.198198318,1,B,劳淑静,0,,
120888,沈畹香,Shen Wanxiang,清,,,1829,,,,,,1,B,沈畹香,1,,
569596,張瑞清,Zhang Ruiqing,清,,,,,,杭州府,120.16862488,30.294124603,1,B,张瑞清,0,,
569527,張仲肅,Zhang Zhongsu,清,,,,,,成都,104.0779953,30.650384903,1,B,张仲肃,0,,
569169,謝佩珊,Xie Peishan,清,,,,,,宜黃,116.21018219,27.546390533,1,B,谢佩珊,0,,
569174,謝漱馨,Xie Shuxin,清,,,,,,宜黃,116.21018219,27.546390533,1,B,谢漱馨,0,,
120738,汪汝瀾,Wang Rulan,清,,,1764,汪如瀾(别名) / 汪如蘭 / 聽月(字),,,,,1,B,听月,1,,
56590,卞賽,Bian Sai,清,,,,玉京道人(号),,,,,1,B,玉京道人,1,,
567535,來季奴,Lai Jinu,清,,,,,,杭州府,120.16862488,30.294124603,1,B,来季奴,0,,
566971,杜淑雅,Du Shuya,清,,,,,,臺灣,120.200264,23.00415,1,B,杜淑雅,0,,
119315,謝采蘩,Xie  Caifan,清,,,1787,,,,,,1,B,谢采蘩,1,,
119162,許心碧,Xu Xinbi,清,,,,阿蓴(字),,,,,1,B,许心碧,1,,
119165,許心澧,Xu Xinli,清,,,,阿芬(字),,,,,1,B,许心澧,1,,
55278,戴淩濤,Dai Lingtao,清,,,,文姬(字),,,,,1,B,戴凌涛,1,,
119244,汪婤,Wang  Zhou,清,,,,,,,,,1,B,汪婤,1,,
119251,許冰玉,Xu Bingyu,清,,,,潔人(字),,,,,1,B,许冰玉,1,,
119253,宋瑊,Song Jian,清,,,,淑直(字),,,,,1,B,宋瑊,1,,
55802,邵斯貞,Shao Sizhen,清,,,,靜嫻(字),,,,,1,B,邵斯贞,1,,
119276,虞兆淑,Yu  Zhaoshu,清,,,1638,蓉城(字),詩人,海鹽,120.93202209,30.517858505,1,B,虞兆淑,1,,
122407,賀綠,He  Lv,明,,,,宜君(字) / 鶴行內史(号),,,,,1,B,贺绿,1,,
122432,馮挹芳,Feng  Yifang,清,,,,琴仙(字),,,,,1,B,冯挹芳,1,,
122670,胡佩蓀,Hu Peisun,清,,,,谷芬(字),,,,,1,B,胡佩荪,1,,
70069,沈關關,Shen Guanguan,清,,,1615,宮音(字),,,,,1,B,沈关关,1,,
122886,杭錦,Hang Jin,清,,,,七襄(字),,,,,1,B,杭锦,1,,
122937,吳懷鳳,Wu Huaifeng,清,,,,梧閣(字),,,,,1,B,吴怀凤,1,,
122991,陸羽嬉,Lu Yuxi,清,,,,小雲 / 酌泉(字),,,,,1,B,陆羽嬉,1,,
123005,顧瑤華,Gu Yaohua,清,,,,畹芬(字),,,,,1,B,顾瑶华,1,李楁《（民國）杭州府志》卷一一一，載其子裘樹榮為雍正五年進士。 ,
123072,周姍姍,Zhou Shanshan,清,1634,1649,1634,小姍(字),,,,,1,B,周姗姗,1,參見清·張潮《虞初新志》卷一四《姍姍傳》。,
123093,胡蓮,Hu Lian,明,,,,茂生(字),,,,,1,B,胡莲,1,,
123096,周慧貞,Zhou Huizhen,明,,,,挹芬(字),畫家,吳江,120.637787,31.167065,1,B,周慧贞,1,,
123118,歐陽瓏,Ouyang Long,清,,,,,,,,,1,B,欧阳珑,1,,
123170,張麗人,Zhang Liren,明,,,,,,,,,1,B,张丽人,1,,
70550,項佩,Xiang Pei,清,,,,,,,,,1,B,项佩,1,,
123180,閔懷英,Min Huaiying,清,,,,畹餘(字) / 蘭軒(号),,錢塘,120.16862488,30.294124603,1,B,闵怀英,1,,
120234,吳永汝,Wu Yongru,清,1644,1671,1644,小法(字),,常熟,120.733788,31.646582,1,B,吴永汝,1,,
120226,李淑照,Li Shuzhao,清,,,1641,,,,,,1,B,李淑照,1,,
100189,吳芳珍,Wu Fangzhen,清,,,1777,韻卿(字) / 韻梅(字),,,,,1,B,吴芳珍,1,,
120263,程端穎,Cheng Duanying,清,,,,小芝(小字),,昭文,120.73378754,31.64658165,1,B,程端颖,1,,
55090,冒俊,Mao Jun,清,1828,1881,1828,文葸(别名) / 文蕙 / 碧纕(字),,如皋,120.55866241,32.384021759,1,B,冒俊,1,《清代人物生卒年表》定其生卒年為道光8年~光緒7年。 【參考《清代人物生卒年表》#16830.】 ,
54355,汪韞玉,Wang Yunyu,清,1743,1778,1743,汪韞石(别名) / 潛輝(字) / 蘭雪(号),,休寧,118.17577362,29.781190872,1,B,汪韫石,1,《清代人物生卒年表》定其生卒年為乾隆8年~乾隆43年。 【參考《清代人物生卒年表》#10595.】 ,
122045,林少君,Lin Shaojun,清,,,,,,,,,1,B,林少君,1,,
95276,吳瓊仙,Wu Qiongxian,清,1766,1820,1766,子佩,,,,,1,B,吴琼仙,1,《清代人物生卒年表》定其生卒年為乾隆33年~嘉慶8年。 【參考《清代人物生卒年表》#9591.】 ,
120520,許庭珠,Xu Tingzhu,清,,,1780,林風(字),,,,,1,B,许庭珠,1,,
120528,李畹,Li Wan,清,,,1783,梅卿(字),,,,,1,B,李畹,1,,
55835,許延礽,Xu Yanreng,清,,,1798,因姜(字) / 雲林(字),,,,,1,B,许延礽,1,,
120543,王長生,Wang  Changsheng,清,,,,畹蘭(字),,,,,1,B,王长生,1,,
120559,馬翠燕,Ma  Cuiyan,清,,,,添香女史(号),,,,,1,B,马翠燕,1,,
120660,呂承娧,Lv  Chengtui,清,,,1808,子兌(字),,,,,1,B,吕承娧,1,,
122447,繆珊如,Miao Shanru,清,,,1859,寶娟(字),,,,,1,B,缪珊如,1,,
54612,呂季安,L Ji'an,清,,,,,,,,,1,B,吕季安,1,,
70039,沈茝紉,Shen Chairen,清,,,,蕙貞(字),,,,,1,B,沈茝纫,1,,
120668,陸岫芬,Lu  Xiufen,清,,,,芸仙(字),,,,,1,B,陆岫芬,1,,
54738,傅隱蘭,Fu Yinlan,清,1851,1908,1851,文卿(字),,,,,1,B,傅隐兰,1,,
120673,徐茝,Xu Chai,清,,,,古薌(号) / 湘生(字),,,,,1,B,徐茝,1,名媛詩話載湘生卒年九十三。 ,
54512,楊蘊輝,Yang Yunhui,中華民國,1832,1913,1832,靜貞(字),,金匱,120.29766846,31.574613571,1,B,杨蕴辉,1,《清代人物生卒年表》定其生卒年為道光12年~中華民國2年。 【參考《清代人物生卒年表》#7716.】 ,
120782,鮑淑媚,Bao  Shumei,清,,,,詠洲(字),,,,,1,B,鲍淑媚,1,,
120847,伍宗儀,Wu  Zongyi,清,,,1800,蘭儀(字) / 覺夢山人(号),,,,,1,B,伍宗仪,1,,
120874,杜韻芳,Du  Yunfang,清,,,,,,,,,1,B,杜韵芳,1,,
120880,尹蕙,Yin  Hui,清,,,1814,,,,,,1,B,尹蕙,1,,
120359,翁玉孫,Weng  Yusun,清,,,,翁玉蓀,,,,,1,B,翁玉孙,1,,
119287,居一林,Ju Yilin,清,,,,桂卿(字),,,,,1,B,居一林,1,,
70276,湯湘芷,Tang  Xiangzhi,清,,,,,,,,,1,B,汤湘芷,1,,
54053,朱宗淑,Zhu Zongshu,清,1736,1795,1736,德音(字) / 翠娟(字),,,,,1,B,朱宗淑,1,,
74049,朱文娟,Zhu Wenjuan,清,1781,1802,1781,吟梅(字),,長洲,120.618622,31.31271,1,B,朱文娟,1,《清代人物生卒年表》定其生卒年為乾隆46年~嘉慶7年。 《清代人物生卒年表》原注：「朱文娟卒於嘉慶七年十二月十四日，公曆為1803年1月7日。」 【參考《清代人物生卒年表》#4304.】 ,
120999,柯紉秋,Ke  Renqiu,清,,,1821,,,,,,1,B,柯纫秋,1,,
120240,孔憲英,Kong Xianying,清,,,1813,,,曲阜,116.98722839,35.598602295,1,B,孔宪英,1,,
120316,王少華,Wang Shaohua,清,,,1755,,,,,,1,B,王少华,1,,
566903,叢祁志,Cong Qizhi,清,,,,舒卿(号),,如皋,120.55866241,32.384021759,1,B,丛祁志,0,,
120389,陳紫婉,Chen Ziwan,清,,,,桐生(字),,海鹽,120.93202209,30.517858505,1,B,陈紫婉,1,,
120392,秦蘭生,Qin Lansheng,清,,,1797,,,,,,1,B,秦兰生,1,,
55438,徐比玉,Xu Biyu,清,1796,1861,1796,芝生(字),,,,,1,B,徐比玉,1,,
120437,汪仲媛,Wang Zhongyuan,清,,,,香荃(号),,,,,1,B,汪仲媛,1,,
120523,石錦繡,Shi Jinxiu,清,,,,彤霞(字),,會稽,120.57826233,30.004514694,1,B,石锦绣,1,,
55834,高茹,Gao Ru,清,,,,子柔(字),,,,,1,B,高茹,1,,
80654,劉問陶,Liu Wentao,清,,,,友菊(字) / 海門 / 笙伯 / 良甫,,平湖,121.01234436,30.704219818,1,B,刘问陶,1,,
120550,徐庭照,Xu Tingzhao,清,,,1786,秋鑒(字),,,,,1,B,徐庭照,1,,
54839,秦雲,Qin Yun,清,1833,1890,1833,佩芬(字) / 秦七詞孫(号) / 秦楨(别名) / 胥母山人(号) / 膚雨 / 西脊山人(号) / 貞木(字),戲曲作家,長洲,120.618622,31.31271,1,B,秦云,1,《清代人物生卒年表》定其生卒年為道光13年~光緒16年。 【參考《清代人物生卒年表》#17778.】 ,
55112,關錡,Guan Qi,清,,,,侶瓊(字),,,,,1,B,关锜,1,,
78198,孔慶貞,Kong Qingzhen,清,,,,儀昭(字),,,,,1,B,孔庆贞,1,,
120575,津門女子,Jinmen Nuzi,清,,,,,,,,,1,B,津门女子,1,,
118057,金婉,Jin  Wan,清,,,1789,玉卿(字),,,,,1,B,金婉,1,,
135710,張良嬋,Zhang Liangchan,清,,,,月娟(字),,,,,1,B,张良婵,1,,
120628,畢景桓,Bi Jinghuan,清,,,,少英(字),,,,,1,B,毕景桓,1,,
120631,邵瑩,Shao Ying,清,,,,,,,,,1,B,邵莹,1,,
120635,居慶,Ju Qing,清,,,,玉徵(字),,,,,1,B,居庆,1,,
120642,居文,Ju Wen,清,,,,瑞徵(字),,,,,1,B,居文,1,,
70489,張瓊娘,Zhang Qiongniang,清,,,,,詩人 / 詞人,武進,119.95230103,31.782783508,1,B,张琼娘,1,,
54642,呂采芙,Lv Caifu,清,1796,1850,1796,擷芬(字) / 擷芳(字),,,,,1,B,吕采芙,1,,
120675,秦瑗,Qin Yuan,清,,,,鳳儀(字),,,,,1,B,秦瑗,1,,
100155,葉舫,Ye  Fang,清,,,,,,,,,1,B,叶舫,1,,
120679,張景芬,Zhang Jingfen,清,,,,左卿(字),,宛平,116.36800385,39.931427002,1,B,张景芬,1,,
55955,屈鳳輝,Qu Fenghui,清,1750,1779,1750,梧淸(字),,平湖,121.01234436,30.704219818,1,B,屈凤辉,1,《清代人物生卒年表》定其生卒年為乾隆15年~乾隆44年。 【參考《清代人物生卒年表》#15814.】,
120736,施掌珠,Shi Zhangzhu,清,,,,佩蘅(字),,錢塘,120.16862488,30.294124603,1,B,施掌珠,1,,
56529,龔自璋,Gong Zizhang,清,,,1796,,,,,,1,B,龚自璋,1,,
120809,萬鈿,Wan Tian,清,,,,淑娵(字),,,,,1,B,万钿,1,,
120812,朱雲裳,Zhu Yunshang,清,,,1800,步華(字),,,,,1,B,朱云裳,1,,
69749,張介,Zhang Jie,清,,,,張芥,,,,,1,B,张芥,1,,
69851,張屯,Zhang Tun,清,,,,,,,,,1,B,张屯,1,,
54393,吳麟珠,Wu Linzhu,清,1808,1861,1808,友石(字),,涇縣,118.40658569,30.686710358,1,B,吴麟珠,1,《清代人物生卒年表》定其生卒年為？~咸豐11年。 【參考《清代人物生卒年表》#9683.】 ,
120816,汪靜娟,Wang Jingjuan,清,,,,雯卿(字),,,,,1,B,汪静娟,1,,
568995,夏倩雯,Xia Qianwen,清,,,,耦鄰(字),,平泉州,118.68012238,41.006469727,1,B,夏倩雯,0,,
120827,秦楨,Qin Zhen,清,,,,鈺仙(字),,,,,1,B,秦桢,1,,
120841,周敏貞,Zhou Minzhen,清,,,1809,玉窗(字),,,,,1,B,周敏贞,1,,
74247,朱美英,Zhu Meiying,清,1803,1838,1803,蕊生,,海鹽,120.93202209,30.517858505,1,B,朱美英,1,《清代人物生卒年表》定其生卒年為嘉慶8年~道光18年。 【參考《清代人物生卒年表》#4521.】 ,
120892,徐紹芬,Xu Shaofen,清,,,,印山(号) / 浥淸(字),,,,,1,B,徐绍芬,1,,
87963,黃瑋,Huang Wei,清,,1884,1831,蕙芬,,常熟,120.733788,31.646582,1,B,黄玮,1,《清代人物生卒年表》定其生卒年為？~光緒10年。 【參考《清代人物生卒年表》#20461.】 ,
53999,鍾維則,Zhong Weize,清,1821,1908,1821,子嘉(字),,,,,1,B,钟维则,1,,
69942,方懷英,Fang Huaiying,清,,,,畹餘(字),,,,,1,B,方怀英,1,《兩浙輶軒録》卷四〇作閔懷英嫁方祜，《國朝詞綜續編》卷二三作方懷英嫁閔某，明清婦女著作數據庫引《正始續集》作方懷英嫁諸生方祜，又引《閨秀詞鈔》作閔某，根據同姓不婚原則和其他資料，錄為方懷英嫁閔某，待考。2nd source:MQWW PoetID #3498. ,
120357,吳小貞,Wu Xiaozhen,清,,,,,,,,,1,B,吴小贞,1,,
120222,戴青,Dai Qing,清,1822,1906,1822,書卿(字) / 洗蕉老人(号),,,,,1,B,戴青,1,,
120481,周紹黻,Zhou Shaofu,清,,,1868,佩珊,,,,,1,B,周绍黻,1,,
120692,況桂珊,Kuang Guishan,清,,,1860,月芬,,,,,1,B,况桂珊,1,,
120697,黃馥,Huang Fu,清,,,1844,幼芳(字) / 筱雲,,,,,1,B,黄馥,1,,
56096,冒文蘅,Mao Wenheng,清,,,,珮卿(字),,,,,1,B,冒文蘅,1,,
567326,黃始,Huang Shi,清,,,,,,順天府,116.36799622,39.931430817,1,B,黄始,0,,
120524,周志蕙,Zhou  Zhihui,清,,,,解蘇(字),,,,,1,B,周志蕙,1,,
568948,吳雯華,Wu Wenhua,清,,,,曇素(字),,蘇州府,120.61862183,31.312709808,1,B,吴雯华,0,,
121278,許楚畹,Xu Chuwan,清,,,,蘭滋(字),,,,,1,B,许楚畹,1,,
55850,楊克恭,Yang Kegong,清,,,1677,德基(字),,,,,1,B,杨克恭,1,,
135190,李月素,Li  Yuesu,隋,,,,,,,,,1,B,李月素,1,,
134964,鍾琰,Zhong Yan,西晉,,,226,,,,,,1,B,钟琰,1,,
134910,左芬,Zuo Fen,西晉,,,239,,,,,,1,B,左芬,1,,
135438,苏伯玉妻,Su Boyu Qi,東漢,,,,,,,,,1,B,苏伯玉妻,1,,
134889,楊苕華,Yang Shaohua,東晉,,,,,,,,,1,B,杨苕华,1,,
134839,劉妙容,Liu Miaorong,未詳,,,,,,,,,1,B,刘妙容,1,,
90000010,许穆夫人,Xu Mu Furen,先秦,,,,,,,,,1,B,诗经,0,"《载驰》原文在语料内,署『诗经』;据《毛诗序》题「许穆夫人作」、刘向《列女传·仁智·许穆夫人》「女作载驰」,归许穆夫人。中国最早留名的女诗人;此为诗级归属(仅《载驰》一首,非整部诗经)。《泉水》《竹竿》毛诗序仅题『卫女』,归属较弱,不收，页面可注『或传其作』。",
90000011,大义公主,Dayi Gongzhu,隋,,,,千金公主 / 杨氏,公主,,,,1,C,,0,"大义公主,北周赵王宇文招之女,原封千金公主,和亲东突厥;隋灭陈后,隋文帝以陈叔宝屏风相赐,主感陈亡、书屏风为诗自寄,隋开皇中为隋所忌被害(卒年史载有开皇十三年、十七年异说,不主一)。《书屏风诗》载《隋书·卷八四·突厥传》。CBDB 无档,据正史补录建合成档;勿与唐高祖千金公主(CBDB 512523)相混。",1
134757,胡太后,Hu Taihou,北魏,,528,,宣武灵皇后 / 灵太后 / 胡充华,后妃,安定临泾,,,1,C,,0,"胡太后(?–528),北魏安定临泾人,司徒胡国珍女,宣武帝充华嫔,孝明帝生母,临朝称制,谥宣武灵皇后。相传因思情人杨华(本名杨白花,叛归南梁)作《杨白花歌辞》,使宫人连臂蹋足昼夜歌之;载《梁书》《南史》及《乐府诗集·杂曲歌辞》。乐府歌辞形态、带轶闻性质。CBDB 档 134757(条目名胡承华,史籍作承华世妇、充华嫔,本名不详;父胡国珍 134758)。",1
